,video_id,video_timestamp,video_duration,video_locationcreated,video_diggcount,video_sharecount,video_commentcount,video_playcount,video_description,video_is_ad,video_stickers,author_username,author_name,author_followercount,author_followingcount,author_heartcount,author_videocount,author_diggcount,author_verified,poi_name,poi_address,poi_city
0,99646439579873280,2016-05-24T10:31:17,8,,2500,11,88,167300,Finally landed it ğŸ˜‡,False,,maiaofficial,M A I A ğŸ˜,,,,,,True,,,
9,90180349384663040,2016-04-28T07:36:25,14,,2828,6,17,61300,Second part ğŸ˜ :)) #fail #dance @musical.ly ,False,,maiaofficial,M A I A ğŸ˜,,,,,,True,,,
18,90061919960596480,2016-04-27T23:45:49,14,,2445,4,19,39500,Tag @musical.ly and get me featured ğŸ˜°ğŸ’– #dance #featureme,False,,maiaofficial,M A I A ğŸ˜,,,,,,True,,,
27,80154873723260928,2016-03-31T15:38:46,14,,1686,2,10,30100,Amazing class tonight ğŸ˜ #dance #featureme ?,False,,maiaofficial,M A I A ğŸ˜,,,,,,True,,,
36,79160884022927360,2016-03-28T21:49:00,14,,2228,0,7,25600,We mess around too much ğŸ˜‚ğŸ”¥  #dance ,False,,maiaofficial,M A I A ğŸ˜,,,,,,True,,,
45,78757933362053122,2016-03-27T19:07:49,14,,2141,1,4,20400,My family ğŸ’–ğŸ™„ #newtothis ,False,,maiaofficial,M A I A ğŸ˜,,,,,,True,,,
54,78721071813668864,2016-03-27T16:41:21,14,,1506,0,7,16200,ğŸ’–ğŸ˜Œ ,False,,maiaofficial,M A I A ğŸ˜,,,,,,True,,,
63,78065788208713728,2016-03-25T21:17:29,14,,1944,0,5,12100,Last part ğŸ’–ğŸ˜‡ #dance,False,,maiaofficial,M A I A ğŸ˜,,,,,,True,,,
72,78065564807471104,2016-03-25T21:16:36,14,,1755,1,0,7846,Part 2 ğŸ˜‡,False,,maiaofficial,M A I A ğŸ˜,,,,,,True,,,
81,78065335613939712,2016-03-25T21:15:41,0,,1564,0,8,5536,Miss me ? ğŸ™„ğŸ’– #dance #work #part1,False,,maiaofficial,M A I A ğŸ˜,,,,,,True,,,
90,7412748112642526469,2024-09-09T16:48:48,20,SN,456,7,14,3220,Bruh made a whole new dance ğŸ¤£ğŸ”¥ @EtherealğŸª¼ğŸ«§ @ğ— 4ğ—¦ğ—¦â„¢ï¸ #fail #gorillatgifdancechallenge,False,,charminbella,BellağŸŒ¹ğŸ‡¸ğŸ‡³,,,,,,False,,,
100,7412736934964923654,2024-09-09T16:05:23,14,SN,303,3,3,1725,"La geek, le otaku et celle qui suit jamais les rÃ¨gles âœ¨ğŸ“š  @EtherealğŸª¼ğŸ«§ @ğ— 4ğ—¦ğ—¦â„¢ï¸ #leluxe #humour #streetwearfashion",False,,charminbella,BellağŸŒ¹ğŸ‡¸ğŸ‡³,,,,,,False,,,
110,7412732683152936197,2024-09-09T15:48:55,9,SN,381,1,11,2344,Streetwear style edition âœ¨,False,,charminbella,BellağŸŒ¹ğŸ‡¸ğŸ‡³,,,,,,False,,,
120,7412576639877467425,2024-09-09T05:43:25,67,FR,22700,1665,188,445100,Best Easy Iron Farm (Java & Bedrock) #minecraft ,False,,kwyseur,KwySeuR,,,,,,False,,,
130,7412541411557444907,2024-09-09T03:26:38,50,US,397,3,20,5243,Fake Magic vs REAL Magic ğŸ˜§,False,,seandoesmagic,Seany,,,,,,True,,,
139,7412361434673188126,2024-09-08T15:48:13,16,US,360800,6950,2658,1600000,PRE SAVE my debut album nowğŸ¥¹,False,,alexwaarren,Alex Warren,,,,,,True,,,
148,7412294560988138757,2024-09-08T11:28:44,13,BR,14300,34,79,102400,vamo! @Fernanda Concon @Julia Rabelo @Bianca ğŸ¤,False,,maisa,+a,,,,,,True,,,
157,7412143633207463210,2024-09-08T01:43:02,31,GR,3912,16,35,71300,Which Magic Trick is BETTER? ğŸ˜§,False,,seandoesmagic,Seany,,,,,,True,,,
166,7411987872074468639,2024-09-07T15:38:40,12,US,93600,464,393,590600,"thank you, next.",False,,avani,avani,,,,,,True,,,
176,7411844725478591776,2024-09-07T06:23:06,63,FR,1823,125,32,30800,Minecraft Cherry ğŸ’ Heart House ğŸŒ¸ #minecraft ,False,,kwyseur,KwySeuR,,,,,,False,,,
185,7411333104700280094,2024-09-05T21:17:45,16,US,10900,45,99,351800,new nails and i put them on in the car because THEY PRESS ONSSSS ğŸ˜‹ also my mom made them :) ( @ nailsxanisha on instagram),False,,avani,avani,,,,,,True,,,
194,7411205919889034502,2024-09-05T13:04:14,8,BR,1363,21,56,105800,"Sobrancelhas levantadas, acabamento matte e cobertura leve? O Brow Stick Ã© o produto certo! ğŸ§¡ @Mari Maria Makeup ğŸ§¡ usa Brow Stick na cor Brown âœ¨",False,,marimariamakeup,Mari Maria Makeup,,,,,,False,,,
203,7410892269995183365,2024-09-04T16:47:10,185,BR,4233,9,109,57100,fui conferir pessoalmente a Cidade do Rock pra ver como estÃ£o os preparativos pra essa ediÃ§Ã£o icÃ´nica de 40 anos de @Rock in Rio  ğŸ¸ contando os dias pro dia 13!!! vejo meus primos lÃ¡?  ps: quem entraria num carrinho comigo no volante? kkkkk,False,,maisa,+a,,,,,,True,,,
212,7410870234019810606,2024-09-04T15:21:58,12,ZM,194200,521,528,1200000,Ummâ€¦ ğŸ¥¹ğŸ˜ğŸ¤”,False,,lelepons,Lele Pons,,,,,,True,,,
221,7410848800794823966,2024-09-04T13:58:25,8,US,11200,49,62,347400,ğŸ¤“,False,,avani,avani,,,,,,True,,,
231,7410819823640268078,2024-09-04T12:06:01,35,US,28700,13,0,2400000,Learn all of these magic tricks on my Instagram now! âœ¨ IG: @SeanDoesMagic #instagrampartner,True,,seandoesmagic,Seany,,,,,,True,,,
240,7410806174221651243,2024-09-04T11:12:58,50,US,6538,78,251,481800,How long can I survive in a water chamber? ğŸ˜±,False,,topperguild,Topper Guild,,,,,,True,,,
250,7410739914532228384,2024-09-04T06:55:51,62,FR,16300,964,151,406800,Best Fisherman House ğŸ  #minecraft ,False,,kwyseur,KwySeuR,,,,,,False,,,
259,7410622504437386526,2024-09-03T23:20:21,13,US,11800,49,48,343600,vegas GOODNIGHT,False,,avani,avani,,,,,,True,,,
268,7410510139851083038,2024-09-03T16:04:12,11,US,7497,31,81,294700,bye vegas ,False,,avani,avani,,,,,,True,,,
278,7410440512110333190,2024-09-03T11:34:15,7,BR,577,0,65,6932,O Corretivo Cover Up chegou para transformar a sua rotina de beleza! #marimaria #marimariamakeup #corretivo #corretivoliquido #corretivomarimaria #maquiagem #maquiagemnacional #maquiagemtiktok ,False,,marimariamakeup,Mari Maria Makeup,,,,,,False,,,
287,7410158350744194310,2024-09-02T17:19:09,11,BR,123,1,32,2027,"Fala sÃ©rio, como a gente viveu tanto tempo sem esse corretivo?! âœ¨ A lindÃ­ssima @anne.dantas fez essa pele de tirar o fÃ´lego sÃ³ usando o nosso Corretivo Cover Up! O resultado? DE OUTRO MUNDO! ğŸ˜ Produtos usados: ğŸ§¡ Corretivo Cover Up MMC08 ğŸ§¡Corretivo Cover Up MMC12 #marimariamakeup #marimaria #corretivoliquido #corretivo #corretivomarimaria",False,,marimariamakeup,Mari Maria Makeup,,,,,,False,,,
296,7409971873791937825,2024-09-02T05:15:29,62,FR,7140,734,56,186100,Survival Castle ğŸ° #minecraft ,False,,kwyseur,KwySeuR,,,,,,False,,,
305,7409699732714573062,2024-09-01T11:39:29,28,SN,409,2,13,3093,Vous aimez mon makeup ğŸ˜?? jâ€™ai postÃ© le TUTO sur -> @onlythebellaa ğŸ¤­âœ¨ ,False,,charminbella,BellağŸŒ¹ğŸ‡¸ğŸ‡³,,,,,,False,,,
315,7409496468509216046,2024-08-31T22:30:36,10,US,2979,16,75,87500,no need to worry bbg â˜ºï¸ğŸ«¶,False,,seandoesmagic,Seany,,,,,,True,,,
324,7409452802088406278,2024-08-31T19:41:15,13,SN,267,0,10,2204,Le Makeup Grunge ğŸ˜ğŸ¤­âœ¨>>>> #makeuptransition #trendytransition #fyp ,False,,charminbella,BellağŸŒ¹ğŸ‡¸ğŸ‡³,,,,,,False,,,
334,7409442046374694150,2024-08-31T18:59:30,1,BR,27,1,54,587,Qual Ã© o prÃ³ximo que vocÃª vai comprar? #marimaria #marimariamakeup #glossmarimaria #maquiagem #makeup #makeuptutorial #makeuphacks ,False,,marimariamakeup,Mari Maria Makeup,,,,,,False,,,
343,7409439046218386694,2024-08-31T18:47:54,19,SN,356,2,13,3323,Son bi dafa nekh torop waayğŸ˜ğŸ”¥ #tiktoksenegal ,False,,charminbella,BellağŸŒ¹ğŸ‡¸ğŸ‡³,,,,,,False,,,
353,7409423125449821482,2024-08-31T17:45:59,13,ZM,227900,3309,409,4100000,US AFTER EATING 5 ğŸ¦ğŸ¦ğŸ¦ğŸ¦ğŸ¦ @Hannah Stocking,False,,lelepons,Lele Pons,,,,,,True,,,
362,7409217636208528672,2024-08-31T04:28:38,65,FR,4968,502,53,87300,New Best Duo House ğŸ¡ #minecraft ,False,,kwyseur,KwySeuR,,,,,,False,,,
371,7409005277292268830,2024-08-30T14:44:44,9,US,14200,59,131,629400,,False,,avani,avani,,,,,,True,,,
381,7408966556983594246,2024-08-30T12:14:23,34,BR,1107,12,51,9743,A maravilhosa @JÃºlia ProenÃ§a compartilhou trÃªs maneiras de utilizar os nossos Glassy Lips com os LÃ¡pis Labiais! Qual foi o seu favorito? ğŸ§¡ Ela usa:  ğŸ§¡ LÃ¡pis Labial Lush com o Glassy Lips Jello  ğŸ§¡ LÃ¡pis Labial Must Nude com o Glassy Lips Sugar  ğŸ§¡LÃ¡pis Labial Hera com o Glassy Lips Yummy #marimaria #marimariamakeup #glossmarimaria #maquiagem #makeup #makeuptutorial #makeuphacks #makeupartist ,False,,marimariamakeup,Mari Maria Makeup,,,,,,False,,,
390,7408956567564930309,2024-08-30T11:35:35,141,BR,187500,2712,1345,811200,POV: o Ãºltimo vÃ­deo realmente foi gravado na minha Ãºltima cena como Anita em DV15. SÃ£o recordaÃ§Ãµes desses meses intensos de gravaÃ§Ãµes ğŸ¥ğŸ¥¹â³ï¸ğŸ¤ obg a todos os envolvidos!,False,,maisa,+a,,,,,,True,,,
399,7408675067497876754,2024-08-29T17:23:07,36,SN,1944,10,143,16200,MandoumbÃ© baye fall bi,False,,mandoumbe_lofficiel,Ma Ndoumbe,,,,,,False,,,
408,7408595052387257606,2024-08-29T12:12:40,4,BR,36,1,36,549,Que nota vocÃª dÃ¡ para esse movimento? ğŸ˜ #marimaria #marimariamakeup #glossmarimaria ,False,,marimariamakeup,Mari Maria Makeup,,,,,,False,,,
417,7408499705149164832,2024-08-29T06:02:50,62,FR,5072,573,81,104200,Cherry Blossom Starter House ğŸŒ¸ #minecraft ,False,,kwyseur,KwySeuR,,,,,,False,,,
426,7408258648088104197,2024-08-28T14:27:18,15,SN,2644,3,19,18500,â€œDegloulâ€ biğŸ¤£ #tiktoksenegal ,False,,charminbella,BellağŸŒ¹ğŸ‡¸ğŸ‡³,,,,,,False,,,
435,7408253270868856069,2024-08-28T14:06:24,75,BR,236900,1150,508,16600000,"deu saudade de me sentir bem no ParÃ¡! vivi momentos incrÃ­veis com uma das minhas linhas favs, @Natura Brasil Ekos Castanha. ğŸ¥¹ğŸŒ° e pros meus primos garantirem esse cuidado completo para a pele, Ã© sÃ³ acessar natura.com.br  #NaturaEkos  *publi ",True,,maisa,+a,,,,,,True,,,
444,7408222594203421958,2024-08-28T12:07:20,52,BR,89,2,36,1117,"Como estamos no meio da semana, entÃ£o, jÃ¡ podemos pensar na produÃ§Ã£o do fim de semana, nÃ©?!  Quem mais vai reproduzir a make da @Mari Maria Makeup ğŸ§¡ ",False,,marimariamakeup,Mari Maria Makeup,,,,,,False,,,
453,7408203221992230174,2024-08-28T10:52:16,33,US,7761,130,211,661600,HEYDUDE! HEYDUDE! HEYDUDE! Loving my new @HeyDude x Beetlejuice collab shoes! #HEYDUDEPartner,False,,avani,avani,,,,,,True,,,
462,7407965619565464862,2024-08-27T19:30:18,9,US,23100,121,79,790400,noah i cant do this today ğŸ™‚â€â†•ï¸ğŸ™‚â€â†•ï¸,False,,avani,avani,,,,,,True,,,
471,7407962743506029854,2024-08-27T19:19:08,14,US,31800,358,115,730100,ğŸ¥±ğŸ¥±ğŸ¥±,False,,avani,avani,,,,,,True,,,
480,7407897956235349291,2024-08-27T15:07:37,43,US,8181,153,269,518900,Is it possible to draw a perfect circle? ğŸ˜±,False,,topperguild,Topper Guild,,,,,,True,,,
490,7407879142298979589,2024-08-27T13:54:37,177,SN,390,1,6,2737,So REAL for this !!ğŸ˜­ Jugez nous doucement rek @ğŸ‡©ğŸ‡ª / ğŸ‡¸ğŸ‡³ ğŸ‘©ğŸ¾â€ğŸ¦¯â€â¡ï¸ #neverihaveeverchallenge ,False,,charminbella,BellağŸŒ¹ğŸ‡¸ğŸ‡³,,,,,,False,,,
499,7407838260745080069,2024-08-27T11:15:56,8,BR,44,0,40,982,A encantadora @Amanda Pontes mostrou sua vibe de hoje e claro que nÃ£o pode faltar o PÃ³ Solto Soft Silk e o Gloss Plump Fire Kiss! ğŸ˜ Mas e aÃ­? Qual a sua vibe de hoje? âœ¨,False,,marimariamakeup,Mari Maria Makeup,,,,,,False,,,
508,7407520271847984389,2024-08-26T14:42:00,6,BR,410,6,46,14300,"Eleve a sua rotina de beleza a um novo patamar com o PÃ³ Solto Soft Silk. âœ¨ Com sua textura que desliza suavemente na pele, ele proporciona um toque sedoso e um acabamento natural. ğŸ§¡ #marimaria #marimariamakeup #posolto #posoltomarimaria #makeup #make ",False,,marimariamakeup,Mari Maria Makeup,,,,,,False,,,
517,7407472737360284971,2024-08-26T11:37:35,37,US,5733,107,40,200200,This Plant Is Not Real ğŸª´ğŸ˜§,False,,seandoesmagic,Seany,,,,,,True,,,
526,7407249644125818143,2024-08-25T21:11:58,15,US,726800,6923,1518,6700000,anyways,False,,avani,avani,,,,,,True,,,
535,7407228072606321951,2024-08-25T19:48:13,11,US,51800,418,197,980400,i just be postin,False,,avani,avani,,,,,,True,,,
544,7407197837433261342,2024-08-25T17:50:50,15,US,98000,2111,452,1200000,oh how i love this dance ğŸ˜­ DANCE CREDITS: @erica  !!!,False,,avani,avani,,,,,,True,,,
553,7407196370253155615,2024-08-25T17:45:11,15,US,12600,98,98,569900,erm this pencil is taller than me ğŸ˜€âœï¸ğŸğŸ¤“,False,,avani,avani,,,,,,True,,,
562,7407195586404961567,2024-08-25T17:42:10,11,US,229700,811,331,1700000,ğŸ¤“,False,,avani,avani,,,,,,True,,,
571,7407101123594603781,2024-08-25T11:35:28,4,BR,29,0,33,685,Esse Ã© o mosso movimento favorito! Qual nota vocÃªs dÃ£o para ele? âœ¨ #marimaria #marimariamakeup #firekissmarimaria #firekissmarimariamakeup #firekissbergamota ,False,,marimariamakeup,Mari Maria Makeup,,,,,,False,,,
580,7406992974749404448,2024-08-25T04:35:54,66,FR,26000,2459,266,533500,Ultimate Survival House ğŸ¡ #minecraft ,False,,kwyseur,KwySeuR,,,,,,False,,,
589,7406963910105976107,2024-08-25T02:43:06,0,US,114,0,2,702,,False,,weezy9999,WEEZY9999,,,,,,False,Diddys Place,"17832 Clark Ave, Los Angeles, California 90706, USA",Bellflower
596,7406962897529752875,2024-08-25T02:39:15,0,US,4,0,0,5,,False,,weezy9999,WEEZY9999,,,,,,False,NFL,"Langham Ln, NR25, Holt NR25 7LA, UK",North Norfolk
603,7406937786286132526,2024-08-25T01:01:40,14,US,4,0,0,3,,False,,weezy9999,WEEZY9999,,,,,,False,Big Dick's Pizzeria,"270 Dahlia St, Pahrump, NV 89048, United States",Pahrump
610,7406904183305211182,2024-08-24T22:51:14,14,US,4,0,0,3,,False,,weezy9999,WEEZY9999,,,,,,False,Diddys Place,"17832 Clark Ave, Los Angeles, California 90706, USA",Bellflower
617,7406866839948545311,2024-08-24T20:26:27,20,US,16300,132,147,707400,â­ï¸â­ï¸â­ï¸â­ï¸â­ï¸â­ï¸â­ï¸â­ï¸,False,,avani,avani,,,,,,True,,,
626,7406815364111207686,2024-08-24T17:06:35,22,SN,1183,10,25,11500,Very DEMURE very SMOOTH ğŸ§˜ğŸ¾â€â™€ï¸ #badaleechallenge #charminbella ,False,,charminbella,BellağŸŒ¹ğŸ‡¸ğŸ‡³,,,,,,False,,,
635,7406744335942700294,2024-08-24T12:30:55,11,BR,595,4,38,14500,"Quando vocÃª encontra o batom perfeito, nÃ£o tem pra ninguÃ©m ğŸ§¡",False,,marimariamakeup,Mari Maria Makeup,,,,,,False,,,
644,7406525460261260586,2024-08-23T22:21:36,12,US,939700,28700,11100,9900000,Okay entonces envÃ­anos las actas por WhatsappğŸ‘ğŸ¼ ,False,,lelepons,Lele Pons,,,,,,True,,,
653,7406432652959550751,2024-08-23T16:21:41,0,US,24900,73,83,1200000,my loves fr ,False,,avani,avani,,,,,,True,,,
662,7406427299928755486,2024-08-23T16:00:58,6,US,14300,81,85,1000000,happy friday yall ğŸ’‹ ,False,,avani,avani,,,,,,True,,,
671,7406409145840094469,2024-08-23T14:50:15,5,BR,317,11,36,3564,Compartilha com aquela pessoa que vai saber o que fazer ğŸ¤£ğŸ§¡,False,,marimariamakeup,Mari Maria Makeup,,,,,,False,,,
680,7406242140516289825,2024-08-23T04:02:15,62,FR,2239,129,20,52800,Honey Wall Items Elevator ğŸ’ #minecraft ,False,,kwyseur,KwySeuR,,,,,,False,,,
690,7406047086778633477,2024-08-22T15:25:17,585,SN,300,1,9,2548,Iâ€™m just a girl ğŸ’‹ typa GRWUsğŸ’@ğŸ‡©ğŸ‡ª / ğŸ‡¸ğŸ‡³ ,False,,charminbella,BellağŸŒ¹ğŸ‡¸ğŸ‡³,,,,,,False,,,
699,7406022281547287813,2024-08-22T13:49:02,4,BR,31,2,33,693,"Viciadas em blush, Ã© assim que a gente vive, nÃ©?! âœ¨ #marimaria #marimariamakeup #blush #maquiagem #makeup ",False,,marimariamakeup,Mari Maria Makeup,,,,,,False,,,
708,7406011715600829742,2024-08-22T13:08:07,36,US,36200,318,1196,1400000,Underwater Challenge ğŸ˜±,False,,topperguild,Topper Guild,,,,,,True,,,
717,7405704750034849029,2024-08-21T17:16:51,5,BR,503,0,53,18300,"Com sua cobertura surreal, a Velvet Skin Ã© a escolha perfeita para conquistar uma pele impecÃ¡vel! ğŸ§¡",False,,marimariamakeup,Mari Maria Makeup,,,,,,False,,,
726,7405337217226329350,2024-08-20T17:30:40,22,SN,1160,29,26,11800,"Aussi sachez diffÃ©rencier danseur qui est Ã©nergique et danseur qui est smooth, on est pas tous pareilğŸ™ğŸ¾ #fun #trendingdance #charminbella ",False,,charminbella,BellağŸŒ¹ğŸ‡¸ğŸ‡³,,,,,,False,,,
735,7405307170687831326,2024-08-20T15:34:13,8,US,41900,190,170,1700000,,False,,avani,avani,,,,,,True,,,
744,7405305863654706462,2024-08-20T15:29:12,10,US,56900,688,198,1300000,this has been stuck in my head for the last two days ,False,,avani,avani,,,,,,True,,,
753,7405287834724093214,2024-08-20T14:19:13,7,US,66800,457,193,1100000,@jack wright ,False,,avani,avani,,,,,,True,,,
762,7405273567065083142,2024-08-20T13:23:35,16,BR,297,4,39,3099,Olha esse efeito! ğŸ˜ Quem mais ama cÃ­lios postiÃ§os? ğŸ§¡,False,,marimariamakeup,Mari Maria Makeup,,,,,,False,,,
771,7405145347300838688,2024-08-20T05:06:11,64,FR,16500,1538,219,378000,Survival House ğŸ¡ #minecraft ,False,,kwyseur,KwySeuR,,,,,,False,,,
779,7404939665226140959,2024-08-19T15:48:08,39,US,17800,279,112,823900,VERY MINDFUL ğŸ¤­ ,False,,avani,avani,,,,,,True,,,
788,7404881882816482602,2024-08-19T12:03:44,32,US,9197,162,447,383300,The Worst Birthday Ever ğŸ˜±,False,,topperguild,Topper Guild,,,,,,True,,,
797,7404869457459350790,2024-08-19T11:15:28,8,BR,94,0,48,1687,"O Cat Eyes Thin Ã© um delineador matte de alta fixaÃ§Ã£o e Ã© perfeito para criar diversos tipos de delineado, desde os mais finos e discretos atÃ© os mais marcantes e dramÃ¡ticos. ",False,,marimariamakeup,Mari Maria Makeup,,,,,,False,,,
806,7404860148272975110,2024-08-19T10:39:20,144,SN,3079,6,55,22600,Plus jamais ğŸ˜­ğŸ§ğŸ¾â€â™€ï¸â€â¡ï¸,False,,charminbella,BellağŸŒ¹ğŸ‡¸ğŸ‡³,,,,,,False,,,
815,7404497790467902725,2024-08-18T11:13:10,10,BR,250,4,40,2910,"Ã‰ raro, mas acontece com frequÃªncia ğŸ˜‰ğŸ§¡",False,,marimariamakeup,Mari Maria Makeup,,,,,,False,,,
824,7404266759995297055,2024-08-17T20:16:49,12,US,118600,745,241,1400000,,False,,avani,avani,,,,,,True,,,
833,7404226718170369286,2024-08-17T17:41:18,12,SN,1794,8,67,48500,Ila touba rek,False,,mandoumbe_lofficiel,Ma Ndoumbe,,,,,,False,,,
842,7404216929256312070,2024-08-17T17:03:22,10,BR,88,2,37,1329,"Quem mais ama o efeito de cÃ­lios postiÃ§os? ğŸ˜ Com a nossa coleÃ§Ã£o Lashes, vocÃª pode escolher entre trÃªs modelos incrÃ­veis que oferecem volume, definiÃ§Ã£o e um efeito 3D deslumbrante! âœ¨",False,,marimariamakeup,Mari Maria Makeup,,,,,,False,,,
851,7404210319746288927,2024-08-17T16:37:53,11,US,23300,567,77,666900,me tn,False,,avani,avani,,,,,,True,,,
860,7404195004937227563,2024-08-17T15:38:15,41,US,14600,432,754,628900,,False,,topperguild,Topper Guild,,,,,,True,,,
869,7404064327730351393,2024-08-17T07:11:10,65,FR,253200,20600,2333,6900000,Best TreeHouse ğŸ¡ #minecraft ,False,,kwyseur,KwySeuR,,,,,,False,,,
878,7403846137498586374,2024-08-16T17:04:28,25,BR,114,0,30,1725,A maravilhosa da @Gabrielli fez esse lip combo e amamos o resultados! Bora copiar? âœ¨ Produtos usados:  ğŸ§¡Batom em Stick Ginger Glow: True ğŸ§¡LÃ¡pis Labial: Lush ğŸ§¡Glassy Lips: Jello,False,,marimariamakeup,Mari Maria Makeup,,,,,,False,,,
887,7403822049380093190,2024-08-16T15:31:00,245,SN,1291,14,12,9070,#VLOG : test nourriture ğŸ²  Today on a essayÃ© le â€œhwachaeâ€ un dessert/jus corÃ©en et on vous partage notre ressenti ğŸ˜  #hwachae #dessertcorÃ©en #koreandessert #koreandrink,False,,charminbella,BellağŸŒ¹ğŸ‡¸ğŸ‡³,,,,,,False,,,
896,7403511234533936426,2024-08-15T19:24:52,14,US,3300000,98300,33800,31200000,No me vas a callar !! GANO VENEZUELA ğŸ‡»ğŸ‡ªâ¤ï¸ ,False,,lelepons,Lele Pons,,,,,,True,,,
905,7403508824058907935,2024-08-15T19:15:37,15,US,15900,54,86,709500,mission accomplished ğŸ˜,False,,avani,avani,,,,,,True,,,
914,7403478321620684037,2024-08-15T17:17:11,9,BR,206,2,49,2608,@Mari Maria Makeup ğŸ§¡ usa o Glassy Lips na cor Jello ,False,,marimariamakeup,Mari Maria Makeup,,,,,,False,,,
923,7403380381342321925,2024-08-15T10:57:04,12,BR,28300,364,1349,1400000,Quem jÃ¡ assistiu Cinderela Pop? A DJ Cinderela estÃ¡ de volta para uma participaÃ§Ã£o muito especial no filme â€˜Princesa Adormecidaâ€™ que estreia hoje nos cinemas! ğŸ’œ ,False,,maisa,+a,,,,,,True,,,
932,7403365191532039429,2024-08-15T09:58:07,37,SN,2058,8,49,20100,Ragale douco def manla MandoumbÃ©Ã©Ã© MDR,False,,mandoumbe_lofficiel,Ma Ndoumbe,,,,,,False,,,
942,7403038922235759878,2024-08-14T12:52:04,193,BR,769,3,57,6377,HistÃ³ria da origem de um dos produtos de maquiagem favoritos ğŸ§¡ Ã© sobre inovaÃ§Ã£o e tecnologia #marimaria #marimariamakeup #corretivoliquido #corretivomarimaria #corretivomarimariamakeup ,False,,marimariamakeup,Mari Maria Makeup,,,,,,False,,,
951,7402755567384530182,2024-08-13T18:32:28,20,SN,844,2,11,7540,ğŸ’—,False,,charminbella,BellağŸŒ¹ğŸ‡¸ğŸ‡³,,,,,,False,,,
960,7402751474897407238,2024-08-13T18:16:37,11,SN,1445,2,12,15100,Je suis aigrie me demandez pas@ğŸ‡©ğŸ‡ª / ğŸ‡¸ğŸ‡³ #humour ,False,,charminbella,BellağŸŒ¹ğŸ‡¸ğŸ‡³,,,,,,False,,,
969,7402736110398459142,2024-08-13T17:17:00,22,SN,839,2,10,6762,@ğŸ‡©ğŸ‡ª / ğŸ‡¸ğŸ‡³ elle date ğŸ¥²,False,,charminbella,BellağŸŒ¹ğŸ‡¸ğŸ‡³,,,,,,False,,,
978,7402644663674375455,2024-08-13T11:22:10,10,ZM,153100,1255,2395,2800000,ALLÃ ESTOY!!! Nos vemos pronto Miami ğŸ”¥â¤ï¸ğŸ™ğŸ¼,False,,lelepons,Lele Pons,,,,,,True,,,
987,7402553409125043489,2024-08-13T05:28:08,62,FR,90100,9047,361,1100000,Evergreen Garden ğŸ¡ #minecraft ,False,,kwyseur,KwySeuR,,,,,,False,,,
996,7402384348030176518,2024-08-12T18:31:58,79,BR,61,1,47,1140,"A maravilhosa @Catia Moreira comprovou que o nosso Corretivo Cover Up Ã© tudo o que falamos!  Mas, e aÃ­? Ã‰ medalha de ouro para o Corretivo Cover Up? ",False,,marimariamakeup,Mari Maria Makeup,,,,,,False,,,
1005,7402359739578862878,2024-08-12T16:56:37,14,US,22700,165,172,869800,â˜€ï¸,False,,avani,avani,,,,,,True,,,
1014,7402359663838121246,2024-08-12T16:56:20,10,US,40600,459,225,785000,,False,,avani,avani,,,,,,True,,,
1023,7402351464611351851,2024-08-12T16:24:23,10,ZM,773100,2893,1995,9100000,How to skip traffic when youâ€™re running late @Charlotte Tilbury #unrealskinfoundation #charlottetilbury #ad ,False,,lelepons,Lele Pons,,,,,,True,,,
1032,7401904722224975110,2024-08-11T11:30:48,9,SN,3203,12,93,27800,MDR,False,,mandoumbe_lofficiel,Ma Ndoumbe,,,,,,False,,,
1041,7401607616545180959,2024-08-10T16:18:00,5,US,94100,1978,167,1100000,ğŸ¤­,False,,avani,avani,,,,,,True,,,
1050,7401572372848905514,2024-08-10T14:01:05,51,US,70500,857,695,4500000,Can This Bubble Save My Life? ğŸ˜±,False,,topperguild,Topper Guild,,,,,,True,,,
1059,7401284059818708266,2024-08-09T19:22:19,13,ZM,310600,2559,2162,3000000,MARIA = MUJER ARRECHA!!! ğŸ‡»ğŸ‡ªğŸ”¥,False,,lelepons,Lele Pons,,,,,,True,,,
1068,7401195462079892742,2024-08-09T13:38:28,144,SN,1993,46,17,15100,"#Vlog : jâ€™ai passÃ© lâ€™aprÃªm/la soirÃ©e dans un bateauğŸ›¥ï¸ğŸ’—  âš ï¸Petit cadeau ğŸ: si vous faites partie de ma communautÃ©, vous aurez tous une rÃ©duction de -10 si vous rÃ©servez pour la soirÃ©e du 17 AoÃ»t > @startour221.sn   #boatpartydakar",False,,charminbella,BellağŸŒ¹ğŸ‡¸ğŸ‡³,,,,,,False,,,
1077,7401186322611719466,2024-08-09T13:03:00,7,ZM,210000,531,1476,3300000,4pm (EST) VAMOS !!!!!,False,,lelepons,Lele Pons,,,,,,True,,,
1086,7400958555563527467,2024-08-08T22:19:10,22,US,12100,354,317,419400,I Finally Proposed ğŸ’ğŸ¥¹,False,,seandoesmagic,Seany,,,,,,True,,,
1095,7400957743206567199,2024-08-08T22:16:11,12,US,251100,1456,320,2000000,,False,,avani,avani,,,,,,True,,,
1104,7400954290887494942,2024-08-08T22:02:43,14,US,695500,3902,779,4500000,,False,,avani,avani,,,,,,True,,,
1113,7400899365088283935,2024-08-08T18:29:31,15,US,11900,60,64,545100,ğŸ¤“,False,,avani,avani,,,,,,True,,,
1122,7400790536208174341,2024-08-08T11:27:08,42,BR,14900,54,313,586300,perguntinhas rÃ¡pidas sobre make com a minha prima @Natura Brasil ğŸ§¡  *publi,False,,maisa,+a,,,,,,True,,,
1131,7400682652698823969,2024-08-08T04:28:40,63,FR,29800,3574,564,1100000,Best Underground House ğŸ  #minecraft ,False,,kwyseur,KwySeuR,,,,,,False,,,
1140,7400479862978366750,2024-08-07T15:21:47,12,US,22100,192,140,658100,ğŸ’‹â™¥ï¸ğŸ¤“ @Kacey Welch ,False,,avani,avani,,,,,,True,,,
1149,7400412599256485162,2024-08-07T11:00:34,39,US,15100,179,262,712400,I didnâ€™t expect that ğŸ˜±,False,,topperguild,Topper Guild,,,,,,True,,,
1158,7400138348645338374,2024-08-06T17:16:21,78,BR,211,2,144,2202,"Um corretivo Ã© um corretivo, fala sÃ©rio!  A divina @gabezanqui colocou o Corretivo Cover Up Ã  prova e ele entregou tudo o que amamos: cobertura, textura impecÃ¡vel e rentabilidade ğŸ§¡",False,,marimariamakeup,Mari Maria Makeup,,,,,,False,,,
1167,7400014406278532357,2024-08-06T09:15:25,22,SN,55000,253,295,883400,RÃ©ponse Ã  @Lamine SARR @sokhna ndour @feemu fii ak feneen @NDEYE NDIAYE JUNIOR â™¥ï¸ğŸ­ğŸ¬ @DioumarÃ© Ndiaye â™¥ï¸ @badiene.international,False,,ndeye_ndiaye.2,Ndeye NdiayeğŸ‡¸ğŸ‡³ğŸ¬,,,,,,False,,,
1176,7399772456967294213,2024-08-05T17:36:33,11,SN,3396,71,46,24400,Restez concentrÃ© #humour ,False,,charminbella,BellağŸŒ¹ğŸ‡¸ğŸ‡³,,,,,,False,,,
1185,7399755422153837854,2024-08-05T16:30:32,9,US,37900,297,128,830400,bad smells fear me,False,,avani,avani,,,,,,True,,,
1194,7399711290656148741,2024-08-05T13:39:09,10,SN,612,3,11,5811,Couleurs dâ€™Ã©tÃ© â˜€ï¸,False,,charminbella,BellağŸŒ¹ğŸ‡¸ğŸ‡³,,,,,,False,,,
1203,7399622444107025669,2024-08-05T07:54:21,16,SN,19900,121,208,289100,@sokhna ndour @feemu fii ak feneen @NDEYE NDIAYE JUNIOR â™¥ï¸ğŸ­ğŸ¬ @DioumarÃ© Ndiaye â™¥ï¸ @badiene.international @love.ndeye.ndiaye @Bassine Thiam bÃ©tÃ© bÃ©tÃ©ğŸ“¹ğŸ‡¸ğŸ‡³ ,False,,ndeye_ndiaye.2,Ndeye NdiayeğŸ‡¸ğŸ‡³ğŸ¬,,,,,,False,,,
1212,7399424421762452741,2024-08-04T19:05:57,12,SN,2370,3,23,17700,ğŸ¤£ğŸ¤£ğŸ¤£,False,,charminbella,BellağŸŒ¹ğŸ‡¸ğŸ‡³,,,,,,False,,,
1221,7399398660435463430,2024-08-04T17:25:58,5,BR,312,2,75,4887,"O nosso queridinho voltou!  Gloss Plump Fire Kiss contÃ©m Ã¡cido hialurÃ´nico e Ã³leo de algodÃ£o, agentes hidratantes que mantÃ©m seus lÃ¡bios macios e saudÃ¡veis. ğŸ§¡ AlÃ©m de proporcionar um brilho sutil e uma fragrÃ¢ncia agradÃ¡vel! âœ¨",False,,marimariamakeup,Mari Maria Makeup,,,,,,False,,,
1230,7399348906963913989,2024-08-04T14:12:53,23,SN,590,5,21,6472,Ensemble vient de : @Asma_Shop ğŸ˜,False,,charminbella,BellağŸŒ¹ğŸ‡¸ğŸ‡³,,,,,,False,,,
1239,7399311603054775595,2024-08-04T11:48:13,40,US,13000,164,379,480300,The best day of my life ğŸ˜±,False,,topperguild,Topper Guild,,,,,,True,,,
1248,7399209659061685537,2024-08-04T05:12:40,80,FR,82000,7092,893,1400000,Mega MOB XP Farm #minecraft ,False,,kwyseur,KwySeuR,,,,,,False,,,
1257,7399032792358735110,2024-08-03T17:46:25,5,BR,214,4,86,11600,"Com um tom rosa queimado super sofisticado, o Yummy vem para vocÃª que deseja dar um toque de cor sem perder o acabamento brilhante ğŸ‘„ Quem mais jÃ¡ teve a honra de conhecer esse tom do Glassy Lips? ğŸ˜",False,,marimariamakeup,Mari Maria Makeup,,,,,,False,,,
1266,7398961061346462982,2024-08-03T13:07:50,9,SN,132700,282,919,1600000,@sokhna ndour @feemu fii ak feneen @NDEYE NDIAYE JUNIOR â™¥ï¸ğŸ­ğŸ¬ @DioumarÃ© Ndiaye â™¥ï¸ @badiene.international ,False,,ndeye_ndiaye.2,Ndeye NdiayeğŸ‡¸ğŸ‡³ğŸ¬,,,,,,False,,,
1275,7398947818213248298,2024-08-03T12:16:32,10,ZM,503200,1632,5070,7000000,Â¿A quiÃ©n mÃ¡s deberÃ­amos seguir? ğŸ‡»ğŸ‡ªâ¤ï¸ğŸ‡»ğŸ‡ªâ¤ï¸ğŸ‡»ğŸ‡ªâ¤ï¸ğŸ‡»ğŸ‡ª@Carlos_Eduardo_Espina @marko @LA DIVAZA âœ¨ @karmin @Ssaza MichelleğŸŒˆğŸ§â€â™‚ï¸ ,False,,lelepons,Lele Pons,,,,,,True,,,
1284,7398734414584368427,2024-08-02T22:28:25,24,US,15800,60,92,612200,#throwback to this LEGENDARY VIDEO ğŸ¤£,False,,seandoesmagic,Seany,,,,,,True,,,
1293,7398305973082836230,2024-08-01T18:45:45,22,SN,527,1,31,7637,Abonne vous svp MandoumbÃ© lâ€™office sur YouTube ,False,,mandoumbe_lofficiel,Ma Ndoumbe,,,,,,False,,,
1302,7398305517161975045,2024-08-01T18:43:59,20,SN,24700,54,139,249400,@sokhna ndour @feemu fii ak feneen @NDEYE NDIAYE JUNIOR â™¥ï¸ğŸ­ğŸ¬ @DioumarÃ© Ndiaye â™¥ï¸ @badiene.international ,False,,ndeye_ndiaye.2,Ndeye NdiayeğŸ‡¸ğŸ‡³ğŸ¬,,,,,,False,,,
1311,7398300132015361285,2024-08-01T18:23:06,14,BR,1682,3,70,18000,O Glow Up que tanto amamos! ğŸ§¡,False,,marimariamakeup,Mari Maria Makeup,,,,,,False,,,
1320,7398299449010769158,2024-08-01T18:20:28,6,BR,254,0,53,3706,"Quem mais jÃ¡ se apaixonou pelo nosso Glassy Lips? ğŸ˜ Por aqui, nÃ£o conseguimos pensar em outra coisa! âœ¨",False,,marimariamakeup,Mari Maria Makeup,,,,,,False,,,
1329,7398281559817686314,2024-08-01T17:11:03,6,ZM,227300,882,4719,3800000,#greenscreen LOS AMO!!! ğŸ‡»ğŸ‡ªâ¤ï¸,False,,lelepons,Lele Pons,,,,,,True,,,
1338,7398196975302102314,2024-08-01T11:42:50,15,ZM,167100,3732,918,2300000,VAMOS EDMUNDO Y MARIAğŸ‡»ğŸ‡ªâ¤ï¸ fueraaaa Maduro,False,,lelepons,Lele Pons,,,,,,True,,,
1347,7398085452764319008,2024-08-01T04:30:08,78,FR,13000,786,120,281200,UP House ğŸ  #minecraft ,False,,kwyseur,KwySeuR,,,,,,False,,,
1355,7397963222088682794,2024-07-31T20:35:46,76,ZM,268800,3379,2532,3800000,Replying to @Francesapivetone Sorry for my Italian. Scusa non parlo tanto bene :((( ,False,,lelepons,Lele Pons,,,,,,True,,,
1364,7397940349970255109,2024-07-31T19:06:59,24,SN,14700,53,62,93400,Lil bro is a MENACE !! ğŸ™‚â€â†•ï¸ğŸ‘ğŸ¾#playbackk,False,,charminbella,BellağŸŒ¹ğŸ‡¸ğŸ‡³,,,,,,False,,,
1373,7397845569177242922,2024-07-31T12:59:12,12,ZM,766500,6108,5127,7700000,MI CANCIÃ“N FAVORITA DEL DIA â¤ï¸ğŸ‘ğŸ¼ğŸ‡»ğŸ‡ª,False,,lelepons,Lele Pons,,,,,,True,,,
1382,7397571015804603691,2024-07-30T19:13:50,13,ZM,1200000,15600,9828,15900000,WHO IS THIS ? QUIEN ES ESTA???? ğŸ¤®ğŸ˜¡,False,,lelepons,Lele Pons,,,,,,True,,,
1391,7397537530872073478,2024-07-30T17:03:50,6,BR,266,3,64,4181,A maravilhosa @Bruna naomi jÃ¡ se viciou no Glassy Lips e escolheu o Sugar ğŸ˜ Essa Ã© a escolha certa para vocÃª que deseja adicionar um toque de glamour e brilho para a sua make! âœ¨,False,,marimariamakeup,Mari Maria Makeup,,,,,,False,,,
1400,7397493300871089450,2024-07-30T14:12:12,58,ZM,630000,12000,4525,6500000,Este mensaje es para mis seguidores que no hablan espaÃ±ol y para que se informen de lo que esta pasando en Venezuela ğŸ‡»ğŸ‡ª ,False,,lelepons,Lele Pons,,,,,,True,,,
1409,7397218681400397098,2024-07-29T20:26:32,21,ZM,225300,8142,760,2900000,"WE WON!!!! WE FOUND THE FINAL RESULTS ! Tenemos el 73,2% de las actas.  2.759.256 NicolÃ¡s Maduro 6.275.180 Edmundo GonzÃ¡lez",False,,lelepons,Lele Pons,,,,,,True,,,
1418,7397163311466286379,2024-07-29T16:51:41,13,ZM,92900,402,655,1400000,#duet with @Joshua Gamez #freevenezuelağŸ‡»ğŸ‡ª Que injusticiağŸ™ğŸ¼ğŸ’”ğŸ‡»ğŸ‡ª,False,,lelepons,Lele Pons,,,,,,True,,,
1427,7396740001196952878,2024-07-28T13:29:04,46,US,10400,191,361,408900,I finally won ğŸ˜±,False,,topperguild,Topper Guild,,,,,,True,,,
1436,7396733108147571974,2024-07-28T13:02:17,17,SN,11500,58,260,127800,Man la d mbr,False,,mandoumbe_lofficiel,Ma Ndoumbe,,,,,,False,,,
1446,7396708708492905733,2024-07-28T11:27:33,15,BR,246,0,45,4412,Descubra a combinaÃ§Ã£o perfeita para lÃ¡bios irresistÃ­veis com o LipMix. Este conjunto sofisticado proporciona acabamento impecÃ¡vel e duradouro. ğŸ§¡,False,,marimariamakeup,Mari Maria Makeup,,,,,,False,,,
1455,7396424464507948330,2024-07-27T17:04:36,59,US,33800,1300,210,591300,Nutella = Best Ice Cream?! ğŸ¨ğŸ«,False,,seandoesmagic,Seany,,,,,,True,,,
1464,7396350148877634822,2024-07-27T12:16:10,141,SN,478,1,11,5632,Jâ€™espÃ¨re que Ã§a arrangera avec la chaleur ğŸ«¶ğŸ¾  Produits par ordreğŸ’‹ :  â€¢ crÃ¨me hydratante (@PONDâ€™S ) â€¢ primer (max&more) â€¢ fond de teint cream mousse (@Maybelline NY) â€¢ blush (@JowaalBeauty ) â€¢ poudre de bÃ©bÃ©ğŸ˜©( mâ€™arrange  pour lâ€™Ã©tÃ©) â€¢ eyeliner (@missden ) â€¢ mascara (@maybellineNY)  #makeuptutorial #simplemakeuptips #girlystuff #charminbella ,False,,charminbella,BellağŸŒ¹ğŸ‡¸ğŸ‡³,,,,,,False,,,
1473,7396223447673621793,2024-07-27T04:04:38,61,FR,107700,9731,1635,2500000,Starter Castle ğŸ° #minecraft ,False,,kwyseur,KwySeuR,,,,,,False,,,
1482,7396067115872161029,2024-07-26T17:57:55,22,BR,44200,107,263,356600,Encante-se pelo poder do nosso LipMix e conquiste lÃ¡bios pigmentados e duradouros! ğŸ‘„ Produtos usados no vÃ­deo:  ğŸ§¡ LÃ¡pis Labial na cor Hera  ğŸ§¡ Batom LÃ­quido Creamy Matte na cor Blazing,False,,marimariamakeup,Mari Maria Makeup,,,,,,False,,,
1491,7396052995978382635,2024-07-26T17:03:07,25,US,25900,136,87,1100000,#wbpartner Incoming: Twisters in theaters now! ğŸŒªï¸ #twistersmovie ,False,,lelepons,Lele Pons,,,,,,True,,,
1500,7396018273583648006,2024-07-26T14:48:20,54,SN,1414,2,50,13500,waly b. seck,False,,mandoumbe_lofficiel,Ma Ndoumbe,,,,,,False,,,
1509,7396012005439671558,2024-07-26T14:23:59,26,SN,2498,25,24,20800,Les femmes casaniÃ¨res menagÃ¨res de la maison depuis des years peuvent sâ€™y identifier ğŸ˜­ğŸ§ğŸ¾â€â™€ï¸#humour #pourtoi ,False,,charminbella,BellağŸŒ¹ğŸ‡¸ğŸ‡³,,,,,,False,,,
1518,7395713063518784774,2024-07-25T19:03:57,58,BR,12500,59,181,687200,GRWM especial pra festa de lanÃ§amento das fragrÃ¢ncias de @Natura Brasil Ekos Ryos durante minha experiÃªncia na AmazÃ´nia ğŸƒâœ¨ JÃ¡ quero de novo!,True,,maisa,+a,,,,,,True,,,
1527,7395708836436413742,2024-07-25T18:47:36,21,US,16300,903,108,377200,It finally happened ğŸ˜ğŸ’,False,,seandoesmagic,Seany,,,,,,True,,,
1536,7395697830830148869,2024-07-25T18:04:51,9,BR,378,0,35,6952,O produto para os lÃ¡bios que faltava na sua nÃ©cessaire! Conquiste lÃ¡bios pigmentados e cuidados com o nosso Acqua Tint ğŸ’‹,False,,marimariamakeup,Mari Maria Makeup,,,,,,False,,,
1545,7395317946169462022,2024-07-24T17:30:42,11,BR,3706,6,42,99100,Amora e Acqua Tint: nossas novas obsessÃµes! ğŸ’‹,False,,marimariamakeup,Mari Maria Makeup,,,,,,False,,,
1554,7395201840645786885,2024-07-24T10:00:09,45,SN,464,2,20,8784,MDR,False,,mandoumbe_lofficiel,Ma Ndoumbe,,,,,,False,,,
1563,7395200982709194017,2024-07-24T09:56:51,32,FR,38600,802,270,21300000,"Et vous, quel athlÃ¨te allez-vous encourager ? ğŸ”¥  @Samsung France   #OpenessMedal #OpenAlwaysWins #TeamSamsungGalaxy #SamsungPartner ",True,,iamjoaskills,Joachim Freestyle â­ï¸ Football,,,,,,True,,,
1572,7395181584342600992,2024-07-24T08:41:35,67,FR,7946,2137,103,200500,Trio House ğŸ  #minecraft ,False,,kwyseur,KwySeuR,,,,,,False,,,
1581,7394605409274809606,2024-07-22T19:25:43,14,SN,2164,21,24,17600,Replying to @ğ“‘ğ“ªğ“«ğ“¼__12ğŸ˜ğŸ”¥ cette idol filipina a slay la danse oohğŸ¤­âœ¨#pourtoi,False,,charminbella,BellağŸŒ¹ğŸ‡¸ğŸ‡³,,,,,,False,,,
1590,7394596731146505477,2024-07-22T18:52:01,26,SN,3215,8,15,30100,@Talentless ğŸ¥·ğŸ‡¸ğŸ‡³ #pourtoi,False,,charminbella,BellağŸŒ¹ğŸ‡¸ğŸ‡³,,,,,,False,,,
1599,7394549454851951878,2024-07-22T15:48:35,20,SN,8733,78,59,42500,Seuls les OG se rappellent de quand cette pÃ©pite Ã©tait sortie !ğŸ˜ @Talentless ğŸ¥·ğŸ‡¸ğŸ‡³ @VEGETA ğŸ‡¸ğŸ‡³â˜† #OGtiktoktrend #fun #dance,False,,charminbella,BellağŸŒ¹ğŸ‡¸ğŸ‡³,,,,,,False,,,
1608,7394482225133210922,2024-07-22T11:27:46,44,US,13200,203,398,555700,I broke his play button ğŸ˜±,False,,topperguild,Topper Guild,,,,,,True,,,
1617,7394394474534915374,2024-07-22T05:47:21,50,US,190900,823,353,1600000,i became popular for ONE day ğŸ˜…,False,,seandoesmagic,Seany,,,,,,True,,,
1626,7394098397046689029,2024-07-21T10:38:12,32,SN,752,2,15,7300,,False,,charminbella,BellağŸŒ¹ğŸ‡¸ğŸ‡³,,,,,,False,,,
1635,7393845342535421190,2024-07-20T18:16:16,120,SN,45000,149,882,337600,Niankou wakhna koy dan Balla gaye 2 vs  Tapha tine mdr,False,,mandoumbe_lofficiel,Ma Ndoumbe,,,,,,False,,,
1644,7393692261730635014,2024-07-20T08:22:13,14,SN,713,1,21,8037,Version sÃ©nÃ©galaise hun?ğŸ˜ğŸ’…ğŸ¾#CapCut ,False,,charminbella,BellağŸŒ¹ğŸ‡¸ğŸ‡³,,,,,,False,,,
1653,7393682974652370182,2024-07-20T07:46:10,57,SN,613,0,28,10400,MDR,False,,mandoumbe_lofficiel,Ma Ndoumbe,,,,,,False,,,
1662,7393499094913699115,2024-07-19T19:52:39,9,US,541100,21000,2139,17400000,I would be scared tooğŸ˜‚ğŸ˜­ğŸ˜‚ğŸ˜­ğŸ˜‚ğŸ˜­ğŸ˜‚,False,,lelepons,Lele Pons,,,,,,True,,,
1671,7393492932604726574,2024-07-19T19:28:47,9,US,151100,168,236,1900000,Auntie / Tia Lele ğŸ¥¹â¤ï¸,False,,lelepons,Lele Pons,,,,,,True,,,
1680,7393480518324718853,2024-07-19T18:40:34,398,SN,14800,193,194,117400,"Un nouveau HAUL mes stars, jâ€™espÃ¨re que Ã§a vous plaÃ®t âœ¨ ",False,,charminbella,BellağŸŒ¹ğŸ‡¸ğŸ‡³,,,,,,False,,,
1689,7393440274669653290,2024-07-19T16:04:24,12,US,938300,1893,1029,9200000,Video vs. Picture ğŸ’â¤ï¸,False,,lelepons,Lele Pons,,,,,,True,,,
1698,7393301282167065862,2024-07-19T07:05:00,174,SN,1342,15,57,12200,Mandoumbe vs Diop falle MDR,False,,mandoumbe_lofficiel,Ma Ndoumbe,,,,,,False,,,
1707,7393270836939001120,2024-07-19T05:06:58,64,FR,150700,8106,1191,2800000,Underwater House ğŸ  #minecraft ,False,,kwyseur,KwySeuR,,,,,,False,,,
1715,7393117544816676101,2024-07-18T19:12:02,18,BR,158800,751,837,10000000,segredo da prima de vocÃªs pra um lip combo perfeito ğŸ‘„ podem usar o cupom maisa15 em todos os produtos de maquiagem no site da minha prima @Natura Brasil e aproveitar o Festival de Batons âœ¨ No vÃ­deo de hoje eu usei Gel Lip Stain RosÃ© Natura Una e Batom Matte Cookie Nude Natura Faces :),True,,maisa,+a,,,,,,True,,,
1724,7391799047352372513,2024-07-15T05:55:44,62,FR,61100,11400,687,1500000,New Best Duo House ğŸ¡ #minecraft ,False,,kwyseur,KwySeuR,,,,,,False,,,
1732,7391680233298005291,2024-07-14T22:14:32,41,US,40700,643,1373,1800000,That was close ğŸ˜±,False,,topperguild,Topper Guild,,,,,,True,,,
1741,7391192745878097158,2024-07-13T14:42:49,119,BR,80500,1115,1000,639400,Me sinto bem e o tempo voa ğŸ«¶ğŸ¼ Obrigada Natura Ekos pela experiÃªncia incrÃ­vel na AmazÃ´nia!  @Natura Brasil ,False,,maisa,+a,,,,,,True,,,
1750,7390670444166237472,2024-07-12T04:56:05,61,FR,8080,890,140,229200,Best Wooden House ğŸ¡ #minecraft ,False,,kwyseur,KwySeuR,,,,,,False,,,
1758,7390621857491324202,2024-07-12T01:47:32,24,US,95700,955,497,2100000,Before & After SLIME ğŸ§ª @Nickelodeon #kca ,True,,seandoesmagic,Seany,,,,,,True,,,
1767,7390398949544283435,2024-07-11T11:22:33,55,US,6758,107,239,315800,He wonâ€™t stop ğŸ˜± #ultimatefartblaster #dm4 #despicableme4 #minions #shootsrealsmoke #ad @supermoosetoys,False,,topperguild,Topper Guild,,,,,,True,,,
1776,7389703206604983595,2024-07-09T14:22:43,40,US,37900,510,1064,1700000,I canâ€™t believe he won ğŸ˜±,False,,topperguild,Topper Guild,,,,,,True,,,
1785,7389374055364939054,2024-07-08T17:05:24,20,ZM,192900,1003,726,2700000,Talking Italian with my fav @Khabane lame ğŸ‡®ğŸ‡¹â¤ï¸,False,,lelepons,Lele Pons,,,,,,True,,,
1794,7388812447055940897,2024-07-07T04:46:08,77,FR,211700,22900,2378,4200000,Best Automatic SugarCane Farm ğŸ”§ (Java & Bedrock),False,,kwyseur,KwySeuR,,,,,,False,,,
1802,7388663371740105989,2024-07-06T19:07:33,13,SN,10800,18,167,132100,Mandoumbe ,False,,mandoumbe_lofficiel,Ma Ndoumbe,,,,,,False,,,
1811,7388644241251126570,2024-07-06T17:53:25,8,ZM,266800,2450,528,2500000,Paris 2024ğŸ‡«ğŸ‡·â¤ï¸ @guaynaa,False,,lelepons,Lele Pons,,,,,,True,,,
1820,7388552790383136042,2024-07-06T11:58:33,8,ZM,307600,1570,387,4600000,i love Croissantsâ¤ï¸ğŸ‡«ğŸ‡·ğŸ¤£  Dress: @FWRD ,False,,lelepons,Lele Pons,,,,,,True,,,
1829,7388358779890355499,2024-07-05T23:25:39,33,US,40200,226,244,1700000,,False,,seandoesmagic,Seany,,,,,,True,,,
1838,7388354320913255685,2024-07-05T23:08:16,207,SN,933,2,27,12400,Bouche VS Reugreug MDR,False,,mandoumbe_lofficiel,Ma Ndoumbe,,,,,,False,,,
1847,7387881520695905578,2024-07-04T16:33:35,58,US,52900,1457,2657,9600000,I Made His Day! ğŸ˜Š Download My Talking Hank Islands Now! #ad #newgame #mytalkinghankislands ,True,,topperguild,Topper Guild,,,,,,True,,,
1856,7387625565458697518,2024-07-04T00:00:23,17,US,16500,444,189,1700000,her reaction is priceless ğŸ˜‚,False,,seandoesmagic,Seany,,,,,,True,,,
1865,7387334477137186080,2024-07-03T05:10:50,70,FR,60000,4755,414,2200000,Ultimate Survival House ğŸ¡ #minecraft ,False,,kwyseur,KwySeuR,,,,,,False,,,
1873,7386410559987518726,2024-06-30T17:25:29,20,SN,11900,22,84,161500,Kombe nena khalle bi kay MDR ,False,,mandoumbe_lofficiel,Ma Ndoumbe,,,,,,False,,,
1882,7386408633980177710,2024-06-30T17:18:04,19,US,536300,10100,1056,8200000,â¤ï¸â¤ï¸â¤ï¸ @Dany Di Giacomo de Hidalgo ,False,,lelepons,Lele Pons,,,,,,True,,,
1891,7386058966503083307,2024-06-29T18:41:10,8,ZM,1100000,5302,3689,15000000,"Not now , i need a moment ğŸ˜« @Shakira ",False,,lelepons,Lele Pons,,,,,,True,,,
1900,7386055873732332843,2024-06-29T18:29:11,8,ZM,229300,3473,539,4700000,ğŸ¤·ğŸ¼â€â™€ï¸ğŸ¤·ğŸ¼â€â™€ï¸ğŸ¤·ğŸ¼â€â™€ï¸ğŸ¤·ğŸ¼â€â™€ï¸,False,,lelepons,Lele Pons,,,,,,True,,,
1909,7386037268773129518,2024-06-29T17:17:00,35,US,4210,84,271,210700,"Have you ever experienced a power outage that left you in the dark? Anker wants to hear your story! Sign up https://ankerfast.club/ifgeyq and share your power outage experiences stories on their website for a chance to win the Anker SOLIX F3800 whole power system.Use my special code F3833HPPEP to get 35% off for Anker SOLIX F3800 and expansion battery, valid until July 7th! #AnkerSOLIX #LIVEINPOWER #Poweroutage #accessiblehomepower #AnkerSOLIXF3800",False,,topperguild,Topper Guild,,,,,,True,,,
1918,7385987878830001413,2024-06-29T14:05:15,12,SN,20000,75,106,249000,@sokhna ndour @feemu fii ak feneen @NDEYE NDIAYE JUNIOR â™¥ï¸ğŸ­ğŸ¬ @Cleub/Ndeye /ndiaye rekk @PauğŸ¯Ã‰bÃ¨ne ğŸ¤ğŸ¯ @DioumarÃ© Ndiaye â™¥ï¸ @badiene.international ,False,,ndeye_ndiaye.2,Ndeye NdiayeğŸ‡¸ğŸ‡³ğŸ¬,,,,,,False,,,
1928,7385873662114549025,2024-06-29T06:42:06,76,FR,38700,5431,346,685900,Duo Cherry Blossom ğŸ’ House ğŸ¡ #minecraft ,False,,kwyseur,KwySeuR,,,,,,False,,,
1937,7385348871171378475,2024-06-27T20:45:38,18,US,372200,1165,704,3700000,Happy Birthday to me ğŸ¥¹â¤ï¸,False,,lelepons,Lele Pons,,,,,,True,,,
1946,7384591380728810795,2024-06-25T19:46:09,15,US,100700,184,560,1400000,â€œumm te amoğŸ¥¹â€ jajaja @Shakira ,False,,lelepons,Lele Pons,,,,,,True,,,
1955,7384487466385902880,2024-06-25T13:02:56,24,FR,444,11,4,255100,Si vous Ãªtes Ã  la recherche d'un nouveau TÃ©lÃ©viseur TCL pour le tournois de football cet Ã©tÃ© âš½ï¸ğŸ”¥ n'oubliez pas de jeter un coup d'Å“il Ã  la gamme de tÃ©lÃ©viseurs @TCL #TimeToGoBig #InspireGreatness #sponsorisÃ© ,True,,iamjoaskills,Joachim Freestyle â­ï¸ Football,,,,,,True,,,
1964,7384184176230124846,2024-06-24T17:26:02,48,US,4700000,126200,8298,28700000,I couldnt wait for him to finish that sentence,True,,alexwaarren,Alex Warren,,,,,,True,,,
1973,7383987593014185248,2024-06-24T04:43:44,95,FR,286300,39400,4833,4700000,Duo House ğŸ¡ #minecraft ,False,,kwyseur,KwySeuR,,,,,,False,,,
1981,7383836310269611306,2024-06-23T18:56:21,10,US,49500,382,203,1300000,Showing my man old pictures of myself gone wrong ğŸ¤£ @guaynaa ,False,,lelepons,Lele Pons,,,,,,True,,,
1990,7383821263069924654,2024-06-23T17:57:46,85,US,11600000,849300,65100,72900000,I promise to find you in every lifetime,False,,alexwaarren,Alex Warren,,,,,,True,,,
1999,7383454779520929066,2024-06-22T18:15:37,31,US,2200000,5992,1791,19200000,Get ready with me to get married,False,,alexwaarren,Alex Warren,,,,,,True,,,
2008,7383389709080349995,2024-06-22T14:03:06,34,US,2700000,33900,2466,21100000,She blocked me on everything so lmk how good she looks BAHAHA,False,,alexwaarren,Alex Warren,,,,,,True,,,
2017,7383357045459684638,2024-06-22T11:56:41,58,US,7178,146,260,514800,,False,,topperguild,Topper Guild,,,,,,True,,,
2026,7383184557710839082,2024-06-22T00:47:03,9,US,3300000,8801,1914,21200000,I cant believe its officially happening,False,,alexwaarren,Alex Warren,,,,,,True,,,
2035,7383109024620875050,2024-06-21T19:53:54,57,US,8401,39,51,112800,@New Kids on the Block just kicked off their #MagicSummerTour2024 so you know I had to surprise them with some magic tricks on opening night! ğŸ˜‰ ğŸ¶ Get your tickets to see them on tour from @Live Nation Concerts  #LiveNationPartner,False,,seandoesmagic,Seany,,,,,,True,,,
2044,7382741774793706758,2024-06-20T20:08:43,72,BR,7952,19,143,370800,"Primos, e se a gente pudesse se transportar pros festivais que amamos? Com as fragrÃ¢ncias de Natura Humor isso Ã© possÃ­vel âœ¨ğŸ’œğŸ’š O Festival de Humor Ã© mais frutal e o ConexÃ£o de Humor um amadeirado frutal. Pra garantir, Ã© sÃ³ acessar o site da @Natura Brasil e usar o cupom MAISA20: 20%OFF NA PRIMEIRA COMPRA em todo site (exceto sabonetes em barra promocionados, Biome e BothÃ¢nica) + frete grÃ¡tis de 20 a 25 de junho. *ad",False,,maisa,+a,,,,,,True,,,
2053,7382718328965451051,2024-06-20T18:37:47,13,US,511200,6089,958,5500000,Picking up my best friend from the airport ğŸ¤£ğŸ¤£ğŸ¤£ @Hannah Stocking  (Song by @guaynaa ) ,False,,lelepons,Lele Pons,,,,,,True,,,
2062,7382637071258733870,2024-06-20T13:22:26,33,US,5651,59,48,1900000,"Do you have an Absurdly Good Skill or Talent? Enter the #PLEZiGames for a chance to win $5000! All you have to do is post a video on Instagram tagging @PLEZiNutrition  #PLEZiGames #Contest showing off your Absurdly Good Skill. The contest runs from June 20th - July 8th & if your skill is as good as the new PLEZi Fizz, you could be the next talent to break the internet and win $5000! Good luck! @drinkplezi  #PLEZiPartner NO PURCHASE NECESSARY. Open to residents of the 50 U.S. and DC, 13 years or older. Void where prohibited. Ends 7/8/2024. Visit PLEZi.com/PLEZiGames for full official rules, including judging criteria, odds and prize descriptions.",True,,seandoesmagic,Seany,,,,,,True,,,
2071,7382312573531606278,2024-06-19T16:23:13,115,SN,135100,816,2568,1500000,Sanekh day ray nit MDRğŸ˜‚ğŸ˜‚ğŸ˜‚,False,,mandoumbe_lofficiel,Ma Ndoumbe,,,,,,False,,,
2080,7382150027369663777,2024-06-19T05:52:32,83,FR,83700,5189,600,1200000,Fantasy House ğŸª„ #minecraft ,False,,kwyseur,KwySeuR,,,,,,False,,,
2088,7381987499951934725,2024-06-18T19:21:46,14,SN,1994,12,13,57000,@feemu fii ak feneen @sokhna ndour @NDEYE NDIAYE JUNIOR â™¥ï¸ğŸ­ğŸ¬ @love.ndeye.ndiaye ,False,,ndeye_ndiaye.2,Ndeye NdiayeğŸ‡¸ğŸ‡³ğŸ¬,,,,,,False,,,
2097,7381958387422022917,2024-06-18T17:28:47,60,SN,1942,5,75,21900,DÃ¨wÃ¨naty Ballenma Akh balnalen yalla naniou yalla bolle ball Amin ya raby ,False,,mandoumbe_lofficiel,Ma Ndoumbe,,,,,,False,,,
2106,7381607826700963077,2024-06-17T18:48:27,43,SN,9632,56,188,224000,DÃ¨wÃ¨naty Ballenma Akh balnalen ,False,,mandoumbe_lofficiel,Ma Ndoumbe,,,,,,False,,,
2115,7381486271362845958,2024-06-17T10:56:43,17,BR,38400,228,360,466500,"finalmente posso contar pra vocÃªs que: SIIIM, vou fazer a prÃ³xima novela das seis da @TV Globo ğŸ«¶ğŸ¼",False,,maisa,+a,,,,,,True,,,
2124,7381467354955451653,2024-06-17T09:43:18,46,SN,1488,3,23,18900,DÃ¨wÃ¨naty ,False,,mandoumbe_lofficiel,Ma Ndoumbe,,,,,,False,,,
2133,7381138071229680926,2024-06-16T12:26:01,35,US,260300,2378,3748,6800000,,False,,topperguild,Topper Guild,,,,,,True,,,
2142,7380838887322651947,2024-06-15T17:04:38,6,US,261400,424,268,2700000,â€œCanta como Shakira â€œ ğŸ¤£ğŸ¥¹ (baby lele ) ,False,,lelepons,Lele Pons,,,,,,True,,,
2151,7380711803451411717,2024-06-15T08:51:24,115,SN,15400,272,303,209200,Noooo Li Nekhna way MDRğŸ¤£ğŸ¤£,False,,mandoumbe_lofficiel,Ma Ndoumbe,,,,,,False,,,
2160,7380670125252381984,2024-06-15T06:09:45,62,FR,48300,3958,374,1300000,Fisherman House ğŸ¡ #minecraft ,False,,kwyseur,KwySeuR,,,,,,False,,,
2168,7380114666560752942,2024-06-13T18:14:14,22,US,808100,2679,596,6600000,My face is messed up before my wedding,False,,alexwaarren,Alex Warren,,,,,,True,,,
2177,7380105675864575238,2024-06-13T17:39:20,45,SN,3838,24,69,32100,manla mandoumbe,False,,mandoumbe_lofficiel,Ma Ndoumbe,,,,,,False,,,
2186,7379714450816830766,2024-06-12T16:21:10,12,US,156500,17900,1367,2900000,Picking up my dad ğŸ™ğŸ¼â¤ï¸,False,,lelepons,Lele Pons,,,,,,True,,,
2195,7379617818540510470,2024-06-12T10:06:09,14,BR,502900,569,807,2900000,feliz dia dos namorados ,False,,maisa,+a,,,,,,True,,,
2204,7379360502281014574,2024-06-11T17:27:41,20,US,437600,2184,1045,4600000,Keep doing what you love and never give up cause you never know who is watching ğŸ¥¹â¤ï¸ (Legend @Will Smith ) ,False,,lelepons,Lele Pons,,,,,,True,,,
2213,7379009152972115206,2024-06-10T18:44:15,27,SN,50900,352,711,708100,Mandoumbe ,False,,mandoumbe_lofficiel,Ma Ndoumbe,,,,,,False,,,
2222,7378895456018976006,2024-06-10T11:23:04,15,BR,24600,67,195,383500,ğŸ¤,False,,maisa,+a,,,,,,True,,,
2231,7378878007215148320,2024-06-10T10:15:24,72,FR,60800,5877,342,790300,Cherry Blossom ğŸ’ House ğŸ¡ #minecraft ,False,,kwyseur,KwySeuR,,,,,,False,,,
2239,7378698748416789766,2024-06-09T22:39:42,7,BR,28600,118,113,380800,meu clÃ¡ssico ,False,,maisa,+a,,,,,,True,,,
2248,7378602243152465157,2024-06-09T16:25:13,21,BR,378400,677,653,2300000,,False,,maisa,+a,,,,,,True,,,
2257,7378589742146882821,2024-06-09T15:36:44,15,BR,4677,48,101,187900,@Adam Port ,False,,maisa,+a,,,,,,True,,,
2266,7378588699484900614,2024-06-09T15:32:41,15,BR,6882,27,130,187500,11,False,,maisa,+a,,,,,,True,,,
2275,7378283270124997930,2024-06-08T19:47:30,10,US,17500,45,66,337800,Truse The Process ğŸ™â¤ï¸,False,,seandoesmagic,Seany,,,,,,True,,,
2284,7378095537117039878,2024-06-08T07:38:57,30,SN,3432,20,106,48800,Mandoumbe c le beugÃ©Ã©Ã©Ã©,False,,mandoumbe_lofficiel,Ma Ndoumbe,,,,,,False,,,
2293,7377923109208214790,2024-06-07T20:29:51,6,BR,8141,71,140,182400,ğŸ¤ 9pm,False,,maisa,+a,,,,,,True,,,
2302,7377848914893933830,2024-06-07T15:41:57,14,BR,24200,73,175,323600,postando normal agr ,False,,maisa,+a,,,,,,True,,,
2311,7377535421644885290,2024-06-06T19:25:26,43,US,16300,95,74,381300,the greatest magic tricks ever?,False,,seandoesmagic,Seany,,,,,,True,,,
2320,7377510174308732190,2024-06-06T17:48:10,58,US,32600,300,460,1500000,,False,,topperguild,Topper Guild,,,,,,True,,,
2329,7377325097545223457,2024-06-06T05:49:20,77,FR,20400,2442,240,482600,Modern House ğŸ  #minecraft ,False,,kwyseur,KwySeuR,,,,,,False,,,
2337,7377227425710607622,2024-06-05T23:30:13,5,BR,3566,13,83,151200,omg ğŸ˜²,False,,maisa,+a,,,,,,True,,,
2346,7377159349686357291,2024-06-05T19:06:05,38,US,2000000,14500,1563,12300000,Should i make this a series? Lol ,False,,alexwaarren,Alex Warren,,,,,,True,,,
2355,7377064435711610117,2024-06-05T12:57:44,120,SN,871,7,11,20800,No li nekhna way,False,,mandoumbe_lofficiel,Ma Ndoumbe,,,,,,False,,,
2364,7376812413653486891,2024-06-04T20:39:47,35,US,11300,51,79,280600,Rate The Magic Trick! ğŸª„ ,False,,seandoesmagic,Seany,,,,,,True,,,
2373,7376810495292034309,2024-06-04T20:32:20,15,BR,201500,213,202,1100000,@Gabi Saiury ğŸ’• ,False,,maisa,+a,,,,,,True,,,
2382,7376304717808405766,2024-06-03T11:49:40,6,SN,840,21,22,19600,,False,,mandoumbe_lofficiel,Ma Ndoumbe,,,,,,False,,,
2391,7375820734398008608,2024-06-02T04:31:39,61,FR,8137,918,98,253700,Minecraft Cute Survival House ğŸ¡ #minecraft ,False,,kwyseur,KwySeuR,,,,,,False,,,
2399,7375588368337472800,2024-06-01T13:29:54,31,FR,1070,8,12,59500,"Jâ€™ai dÃ©fiÃ© le meilleur crack de la RÃ©gion du Sud, avec le capteur Footbar ! âš½ï¸ğŸ”¥ A ton avis, qui a les meilleures stats ? Toi aussi enfile ton capteur et viens comparer tes stats ! Tu as -10â‚¬ sur l'achat de ton capteur sur Footbar.com avec le code Starfreestyle #starfreestyle #football",True,,iamjoaskills,Joachim Freestyle â­ï¸ Football,,,,,,True,,,
2408,7375174151813745926,2024-05-31T10:42:28,60,SN,2022,8,61,24100,Caravane Tampico ak Mandoumbe MDR ,False,,mandoumbe_lofficiel,Ma Ndoumbe,,,,,,False,,,
2417,7375009247924374826,2024-05-31T00:02:35,25,US,2200000,19400,2567,12400000,Carry You Home IS FINALLY OUT NOW!!,False,,alexwaarren,Alex Warren,,,,,,True,,,
2426,7374982882101611782,2024-05-30T22:20:16,7,BR,36900,327,122,602300,Mais um date com a minha melhor amiga @Julia Rabelo ,False,,maisa,+a,,,,,,True,,,
2435,7374844216981114154,2024-05-30T13:22:10,33,US,18700,40,84,540700,Strangers vs Magician âœ¨ğŸ˜§,False,,seandoesmagic,Seany,,,,,,True,,,
2444,7374807726242663686,2024-05-30T11:00:32,7,BR,53800,100,141,610100,Beijinho da Lilica,False,,maisa,+a,,,,,,True,,,
2453,7374547657097776390,2024-05-29T18:11:22,89,BR,18300,85,95,481000,@Arthur Lordelo ,False,,maisa,+a,,,,,,True,,,
2462,7374546005456456966,2024-05-29T18:05:00,15,BR,705400,2154,1561,3900000,,False,,maisa,+a,,,,,,True,,,
2471,7374540775683656966,2024-05-29T17:44:52,8,BR,90900,373,683,534100,ğŸ„,False,,maisa,+a,,,,,,True,,,
2480,7374381613930663200,2024-05-29T07:27:07,61,FR,166700,11600,964,6900000,Minecraft Modern Mountain House V2 ğŸ¡ #minecraft,False,,kwyseur,KwySeuR,,,,,,False,,,
2488,7374182450362207519,2024-05-28T18:37:17,58,US,16600,193,341,941500,Is it possible to draw a perfect circle? ğŸ˜±,False,,topperguild,Topper Guild,,,,,,True,,,
2497,7373502234430098730,2024-05-26T22:34:36,45,US,835300,2386,863,7000000,My fiance told me to do this,False,,alexwaarren,Alex Warren,,,,,,True,,,
2506,7373158770811129094,2024-05-26T00:21:46,44,SN,3162,17,69,31300,Lounekh MDR,False,,mandoumbe_lofficiel,Ma Ndoumbe,,,,,,False,,,
2515,7373150690438384901,2024-05-25T23:50:25,35,SN,57000,155,423,581700,MDR,False,,mandoumbe_lofficiel,Ma Ndoumbe,,,,,,False,,,
2524,7373048130884914437,2024-05-25T17:12:26,0,SN,607,0,13,15200,Mandoumbe lofficile ,False,,mandoumbe_lofficiel,Ma Ndoumbe,,,,,,False,,,
2533,7372793160331709742,2024-05-25T00:43:03,43,US,18200,190,257,399900,random people react to magic âœ¨,False,,seandoesmagic,Seany,,,,,,True,,,
2542,7372497994077195553,2024-05-24T05:37:47,61,FR,305400,54100,3573,6500000,Simple Duo House ğŸ¡ #minecraft ,False,,kwyseur,KwySeuR,,,,,,False,,,
2550,7372321368727211307,2024-05-23T18:12:15,26,US,45700,242,98,2200000,my life is way better with this JBL speaker from @verizon hahaha #TeamVerizon #ad,True,,alexwaarren,Alex Warren,,,,,,True,,,
2559,7371466856412220677,2024-05-21T10:56:17,11,SN,29400,64,200,294800,@feemu fii ak feneen @sokhna ndour @NDEYE NDIAYE JUNIOR â™¥ï¸ğŸ­ğŸ¬ @Ndeye/ndiaye/fans. @PauğŸ¯Ã‰bÃ¨ne ğŸ¤ğŸ¯ @Tamsir mbowâœ¨ ,False,,ndeye_ndiaye.2,Ndeye NdiayeğŸ‡¸ğŸ‡³ğŸ¬,,,,,,False,,,
2568,7371198506997943557,2024-05-20T17:34:57,201,SN,2021,50,54,27000,MDR Deureum gadio ak malicoumba,False,,mandoumbe_lofficiel,Ma Ndoumbe,,,,,,False,,,
2577,7370893360225127726,2024-05-19T21:50:55,57,US,24400,210,468,703200,,False,,topperguild,Topper Guild,,,,,,True,,,
2586,7370346892250631430,2024-05-18T10:30:14,18,SN,7571,17,109,87500,Mandoumbe ,False,,mandoumbe_lofficiel,Ma Ndoumbe,,,,,,False,,,
2595,7370281435837533473,2024-05-18T06:16:18,70,FR,1200000,124200,10500,13500000,Cherry Blossom ğŸ’ House ğŸ¡ #minecraft ,False,,kwyseur,KwySeuR,,,,,,False,,,
2603,7370152855547776261,2024-05-17T21:57:18,14,BR,28500,114,143,452400,@Julia Rabelo ,False,,maisa,+a,,,,,,True,,,
2612,7369998006818491690,2024-05-17T11:56:34,25,US,77500,1012,4420,1400000,tomorrow.,False,,seandoesmagic,Seany,,,,,,True,,,
2621,7369363558292802821,2024-05-15T18:54:24,30,SN,2266,13,24,28200,Ah Machalla ,False,,mandoumbe_lofficiel,Ma Ndoumbe,,,,,,False,,,
2630,7369292476814773550,2024-05-15T14:18:45,40,US,257700,2295,1707,2800000,Call Your Crush & Win $100 ğŸ˜§â˜ºï¸,False,,seandoesmagic,Seany,,,,,,True,,,
2639,7368969509698292998,2024-05-14T17:25:19,60,BR,119700,944,305,8400000,A prima de vcs Ã© a pessoa que leva os queridos da @Salon Line para os 4 cantos do mundo ğŸ¥¹ğŸ‡®ğŸ‡¹â¤ï¸ *publi,True,,maisa,+a,,,,,,True,,,
2648,7368132038584552746,2024-05-12T11:15:37,57,US,8508,114,226,246500,,False,,topperguild,Topper Guild,,,,,,True,,,
2657,7368049795459484961,2024-05-12T05:56:27,62,FR,1500000,77800,16300,26600000,Swimming Pool ğŸŠ #minecraft ,False,,kwyseur,KwySeuR,,,,,,False,,,
2665,7367157357949881605,2024-05-09T20:13:14,75,SN,1267,6,17,24000,Ndoumbelan ak Mandoumbe MDR,False,,mandoumbe_lofficiel,Ma Ndoumbe,,,,,,False,,,
2674,7366750538739797254,2024-05-08T17:54:36,34,SN,18300,137,215,130100,Comment jâ€™ai pu passer Ã  cÃ´tÃ© de cette transition ğŸ¥²ğŸ˜®â€ğŸ’¨ğŸ§ğŸ¾â€â™€ï¸ (ib: @_JUSTMERAğŸ–¤ ) #charminbella ,False,,charminbella,BellağŸŒ¹ğŸ‡¸ğŸ‡³,,,,,,False,,,
2683,7366679691526229253,2024-05-08T13:19:38,167,ES,7691,66,150,274600,"JÃ¡ pensaram se existisse um quiz pra ajudar a escolher o presente ideal de Dia das MÃ£es? Pois Ã©, primos! Eu pensei e chamei a @Natura Brasil pra ajudar nas respostas! Bora? :)  *publi ",False,,maisa,+a,,,,,,True,,,
2692,7366563096938171680,2024-05-08T05:47:21,68,FR,325700,29900,2994,5200000,Simple Survival House ğŸ¡ #minecraft ,False,,kwyseur,KwySeuR,,,,,,False,,,
2700,7365981205579222278,2024-05-06T16:09:09,0,SN,50900,106,226,615400,@sokhna ndour @feemu fii ak feneen @Tamsir mbowâœ¨ @PauğŸ¯Ã‰bÃ¨ne ğŸ¤ğŸ¯ @NDEYE NDIAYE JUNIOR â™¥ï¸ğŸ­ğŸ¬ ,False,,ndeye_ndiaye.2,Ndeye NdiayeğŸ‡¸ğŸ‡³ğŸ¬,,,,,,False,,,
2709,7365304504864001286,2024-05-04T20:23:12,12,BR,15800,127,271,252100,oie,False,,maisa,+a,,,,,,True,,,
2718,7365095629363645728,2024-05-04T06:52:43,61,FR,136900,14000,1410,1900000,Best Enderman XP Farm  Bedrock & Java #minecraft ,False,,kwyseur,KwySeuR,,,,,,False,,,
2726,7362831633252207905,2024-04-28T04:27:20,62,FR,263800,22200,12600,10000000,Best Survival House ğŸ¡ #minecraft ,False,,kwyseur,KwySeuR,,,,,,False,,,
2734,7362661459236506926,2024-04-27T17:27:07,46,US,9311,99,183,261800,I didnâ€™t expect that to happen ğŸ˜±,False,,topperguild,Topper Guild,,,,,,True,,,
2743,7360069441796918574,2024-04-20T17:48:49,46,US,3200000,24800,3100,22300000,She just wanted me to drown ,False,,alexwaarren,Alex Warren,,,,,,True,,,
2752,7359247077701848353,2024-04-18T12:37:19,27,FR,1138,10,8,73200,"SEUL, ON VA PLUS VITE, ENSEMBLE ON VA PLUS LOIN ğŸ¤     Surtout Ã  lâ€™approche du prochain jeu dâ€™Ã©quipe ğŸ‘€ Je te mets au dÃ©fi, toi et ta team Ã  partir du dimanche 22 avril jusquâ€™au dimanche  29 avril ! 1 semaine pendant laquelle ensemble, vous devez comptabiliser le maximum de points et battre mon Ã©quipe pour gagner un Five !  Matchs, runs, entraÃ®nements, tous les moyens sont bons pour devenir les GOAT de la league et crois-moi, NOUS ON EST PRÃŠTS ğŸ @FOOTBAR | Tracker Football @Hexacup #starfreestyle",True,,iamjoaskills,Joachim Freestyle â­ï¸ Football,,,,,,True,,,
2761,7358624156788755754,2024-04-16T20:20:20,38,US,1610,15,14,67900,#ad How I Magically Made the PERFECT Game Time SNACK! ğŸ¥Ÿâœ¨ @bibigo USA #LiveDelicious #bibiGoGo #bibigo,False,,seandoesmagic,Seany,,,,,,True,,,
2770,7358565753496325382,2024-04-16T16:33:24,15,SN,4266,18,68,58200,,False,,mandoumbe_lofficiel,Ma Ndoumbe,,,,,,False,,,
2779,7356752557114461445,2024-04-11T19:17:16,161,SN,3823,43,94,60400,Mandoumbe MDR,False,,mandoumbe_lofficiel,Ma Ndoumbe,,,,,,False,,,
2788,7356725611043245354,2024-04-11T17:32:58,38,US,21300,293,301,2000000,I canâ€™t believe it looked like that ğŸ˜±,False,,topperguild,Topper Guild,,,,,,True,,,
2797,7356683349429062918,2024-04-11T14:48:42,12,SN,31000,552,84,529500,Wawawaw sa bari bari mo digne nak tÃ© ame punch meilleure @Claraâ¤ï¸Doro Gaye@sokhna ndour @feemu fii ak feneen @Tamsir mbowâœ¨ @PauğŸ¯Ã‰bÃ¨ne ğŸ¤ğŸ¯ @Mina bou Mame Ndiaye Savon ,False,,ndeye_ndiaye.2,Ndeye NdiayeğŸ‡¸ğŸ‡³ğŸ¬,,,,,,False,,,
2806,7355138296323788064,2024-04-07T10:53:10,57,FR,5452,12,21,140200,Jâ€™affronte un footballeur Pro sur FC24 ! âš½ï¸ğŸ”¥ #starfreestyle #football,True,,iamjoaskills,Joachim Freestyle â­ï¸ Football,,,,,,True,,,
2815,7352219320891591982,2024-03-30T14:06:27,41,US,54200,853,950,1500000,,False,,topperguild,Topper Guild,,,,,,True,,,
2824,7351898945687244074,2024-03-29T17:23:14,25,US,412900,10800,2491,4300000,Save You A Seat is out now EVERYWHERE,False,,alexwaarren,Alex Warren,,,,,,True,,,
2833,7351747741346778373,2024-03-29T07:36:01,15,SN,31800,60,142,280000,,False,,ndeye_ndiaye.2,Ndeye NdiayeğŸ‡¸ğŸ‡³ğŸ¬,,,,,,False,,,
2842,7350736855706488069,2024-03-26T14:13:18,26,SN,56400,275,1258,505900,Merci PrÃ©sident Macky SallğŸ™ğŸ»@sokhna ndour @feemu fii ak feenen @Tamsir mbowâœ¨ @PauğŸ¯Ã‰bÃ¨ne ğŸ¤ğŸ¯ @Love.Ndeye.ndiaye @NDEYE NDIAYE JUNIOR â™¥ï¸ğŸ­ğŸ¬ ,False,,ndeye_ndiaye.2,Ndeye NdiayeğŸ‡¸ğŸ‡³ğŸ¬,,,,,,False,,,
2851,7349979951057210657,2024-03-24T13:16:10,48,FR,6652,11,20,84300,Je reproduis les plus beaux buts puskas ! âš½ï¸ğŸ”¥ #starfreestyle #football ,False,,iamjoaskills,Joachim Freestyle â­ï¸ Football,,,,,,True,,,
2860,7349692617581432110,2024-03-23T18:41:24,17,US,404500,1798,903,19300000,a lil courtside magic ğŸ¤©ğŸ¥³ @Lakers ,False,,seandoesmagic,Seany,,,,,,True,,,
2869,7348251434720185642,2024-03-19T21:29:07,59,US,6515,47,74,120100,The @Ghostbusters cast REACT to my MAGIC POWERS ğŸ¥¶âœ¨ #Ghostbusters: Frozen Empire is in theaters March 22 @Sony Pictures #SonyPicsPartner,False,,seandoesmagic,Seany,,,,,,True,,,
2878,7347831525985062186,2024-03-18T18:19:27,56,US,25900,365,816,977400,Surprising my grandma with a car ğŸ˜±,False,,topperguild,Topper Guild,,,,,,True,,,
2886,7347328172515544353,2024-03-17T09:45:54,45,FR,6193,9,18,98600,Marquer un But avec MbappÃ© dans tous les FIFA ! âš½ï¸ğŸ”¥ #starfreestyle #football #mbappe ,False,,iamjoaskills,Joachim Freestyle â­ï¸ Football,,,,,,True,,,
2895,7346738875215121670,2024-03-15T19:39:05,16,SN,15800,41,43,172300,,False,,ndeye_ndiaye.2,Ndeye NdiayeğŸ‡¸ğŸ‡³ğŸ¬,,,,,,False,,,
2904,7345939573295402286,2024-03-13T15:57:41,51,US,8156,104,176,318300,,False,,topperguild,Topper Guild,,,,,,True,,,
2912,7343396014071532843,2024-03-06T18:27:16,26,US,55400,617,1026,6600000,the most liked video ğŸ“,False,,seandoesmagic,Seany,,,,,,True,,,
2921,7343255742138338566,2024-03-06T09:22:52,63,SN,4187,95,22,94100,@sokhna ndour @Tamsir mbowâœ¨ @PauğŸ¯Ã‰bÃ¨ne ğŸ¤ğŸ¯ @feemu fii ak feenen @Ndeye.ndiaye./fans @NDEYE NDIAYE JUNIOR â™¥ï¸ğŸ­ğŸ¬ @Diabarou peulh biâ¤ï¸ ,False,,ndeye_ndiaye.2,Ndeye NdiayeğŸ‡¸ğŸ‡³ğŸ¬,,,,,,False,,,
2930,7343004579891514629,2024-03-05T17:08:06,15,SN,1934,20,10,45300,,False,,ndeye_ndiaye.2,Ndeye NdiayeğŸ‡¸ğŸ‡³ğŸ¬,,,,,,False,,,
2939,7342676749555207467,2024-03-04T19:56:25,52,US,51800,254,318,1300000,Asking millionaires to use their bathroom ğŸ˜±,False,,topperguild,Topper Guild,,,,,,True,,,
2947,7340442990361562410,2024-02-27T19:27:59,57,US,7091,63,126,239200,I got in for free ğŸ˜±,False,,topperguild,Topper Guild,,,,,,True,,,
2955,7339508802405879073,2024-02-25T07:02:46,61,FR,33900,38,54,493000,Le Ballon devient GÃ©ant sur FC24 ! ğŸ˜²âš½ï¸ #starfreestyle #sportstiktok #fc24,False,,iamjoaskills,Joachim Freestyle â­ï¸ Football,,,,,,True,,,
2964,7339217835379412229,2024-02-24T12:13:35,14,SN,3896,4,15,52000,@sokhna ndour @Tamsir mbowâœ¨ @PauğŸ¯Ã‰bÃ¨ne ğŸ¤ğŸ¯ @feemu fii ak feenen @Fans_cleub_ndeye_ndiaye @Book Joom vip ,False,,ndeye_ndiaye.2,Ndeye NdiayeğŸ‡¸ğŸ‡³ğŸ¬,,,,,,False,,,
2973,7338489842659003654,2024-02-22T13:08:36,73,SN,1988,8,16,64500,@sokhna ndour @Tamsir mbowâœ¨ @PauğŸ¯Ã‰bÃ¨ne ğŸ¤ğŸ¯ @feemu fii ak feenen @Fans_cleub_ndeye_ndiaye @,False,,ndeye_ndiaye.2,Ndeye NdiayeğŸ‡¸ğŸ‡³ğŸ¬,,,,,,False,,,
2982,7338111402147876101,2024-02-21T12:40:04,6,BR,61300,79,587,1200000,,False,,marimariamakeup,Mari Maria Makeup,,,,,,False,,,
2991,7337769909688044805,2024-02-20T14:34:55,5,BR,58300,148,560,830400,,False,,marimariamakeup,Mari Maria Makeup,,,,,,False,,,
3000,7337731737939692833,2024-02-20T12:06:50,20,FR,2617,5,13,141700,Jâ€™ai dÃ©fiÃ© un joueur Pro dâ€™Arsenal ! ğŸ˜³âš½ï¸  Merci @Under Armour ğŸ«¶ğŸ»ğŸ”¥ #starfreestyle #sportstiktok #UAShadowElite2 #LeaveEmGuessing,True,,iamjoaskills,Joachim Freestyle â­ï¸ Football,,,,,,True,,,
3009,7337470139413122310,2024-02-19T19:11:42,20,SN,67200,211,317,971300,Joyeux anniversaire mon cÅ“ur ğŸğŸ‰ğŸ‚ğŸŠğŸğŸ‰ğŸ‰@sokhna ndour @Tamsir mbowâœ¨ @PauğŸ¯Ã‰bÃ¨ne ğŸ¤ğŸ¯ @feemu fii ak feenen @Ndeye.ndiaye.family @NDEYE NDIAYE JUNIOR â™¥ï¸ğŸ­ğŸ¬ ,False,,ndeye_ndiaye.2,Ndeye NdiayeğŸ‡¸ğŸ‡³ğŸ¬,,,,,,False,,,
3018,7337359477965966634,2024-02-19T12:02:31,52,US,6369,111,360,381100,Batman vs Superman ğŸ˜±,False,,topperguild,Topper Guild,,,,,,True,,,
3026,7335759164196654342,2024-02-15T04:32:12,52,SN,23300,38,142,220200,,False,,ndeye_ndiaye.2,Ndeye NdiayeğŸ‡¸ğŸ‡³ğŸ¬,,,,,,False,,,
3035,7335570059072507141,2024-02-14T16:18:22,14,SN,5652,53,21,142300,@sokhna ndour @Tamsir mbowâœ¨ @PauğŸ¯Ã‰bÃ¨ne ğŸ¤ğŸ¯ @feemu fii ak feenen @Ndeye.ndiaye.family @ndeye khady ba @Khady Ndiaye Bijou ,False,,ndeye_ndiaye.2,Ndeye NdiayeğŸ‡¸ğŸ‡³ğŸ¬,,,,,,False,,,
3044,7334866451532205355,2024-02-12T18:48:32,5,US,625900,2249,772,5700000,No Kouvrs were harmed during this tik tok ,False,,alexwaarren,Alex Warren,,,,,,True,,,
3053,7334824136876870955,2024-02-12T16:04:25,49,US,18300,304,997,1100000,We are mad at each other ğŸ˜±,False,,topperguild,Topper Guild,,,,,,True,,,
3061,7334707156777716997,2024-02-12T08:29:52,17,SN,36400,348,220,454200,,False,,ndeye_ndiaye.2,Ndeye NdiayeğŸ‡¸ğŸ‡³ğŸ¬,,,,,,False,,,
3070,7334306750880828677,2024-02-11T06:36:04,212,SN,4541,12,18,85300,@sokhna ndour @Tamsir mbowâœ¨ @PauğŸ¯Ã‰bÃ¨ne ğŸ¤ğŸ¯ @feemu fii ak feenen @Ndeye.ndiaye.family @nekhe nekhou moussa wade @astoundiaw ,False,,ndeye_ndiaye.2,Ndeye NdiayeğŸ‡¸ğŸ‡³ğŸ¬,,,,,,False,,,
3079,7333637156621176110,2024-02-09T11:18:29,50,US,6490,38,137,168100,These got wild ğŸ˜±,False,,topperguild,Topper Guild,,,,,,True,,,
3087,7333369695128653098,2024-02-08T18:00:23,19,US,201200,367,486,2800000,I wouldve messed it up so badly BAHHAA,False,,alexwaarren,Alex Warren,,,,,,True,,,
3096,7332572561420733742,2024-02-06T14:26:47,40,US,125300,108,224,1900000,how i SNUCK into the #GRAMMYs ğŸ†ğŸ˜«,False,,seandoesmagic,Seany,,,,,,True,,,
3105,7332276287588945198,2024-02-05T19:17:08,6,US,159000,366,239,2100000,I personally think they would love them ,False,,alexwaarren,Alex Warren,,,,,,True,,,
3114,7332232315986300165,2024-02-05T16:26:14,29,SN,25500,71,205,214600,#duo avec @Soumboulou Bathily C @sokhna ndour @Tamsir mbowâœ¨ @PauğŸ¯Ã‰bÃ¨ne ğŸ¤ğŸ¯ @feemu fii ak feenen @nekhe nekhou moussa wade @Anita baeğŸ‡¸ğŸ‡³ ,False,,ndeye_ndiaye.2,Ndeye NdiayeğŸ‡¸ğŸ‡³ğŸ¬,,,,,,False,,,
3123,7332157281448054059,2024-02-05T11:36:15,59,US,10100,91,157,297700,When she got it open ğŸ˜±,False,,topperguild,Topper Guild,,,,,,True,,,
3131,7331900757681196331,2024-02-04T19:00:05,19,US,174900,494,454,1900000,I did my lil dancey dance ,False,,alexwaarren,Alex Warren,,,,,,True,,,
3140,7331483908619423022,2024-02-03T16:02:28,19,US,83100,588,214,1500000,LESS THAN 2 WEEKS AHHH,True,,alexwaarren,Alex Warren,,,,,,True,,,
3149,7331432355242020101,2024-02-03T12:41:57,8,SN,6926,13,64,83300,RÃ©ponse Ã  @minacouturefashion ,False,,ndeye_ndiaye.2,Ndeye NdiayeğŸ‡¸ğŸ‡³ğŸ¬,,,,,,False,,,
3158,7330677649691446570,2024-02-01T11:53:33,35,US,6397,55,78,394700,Personality Quiz ğŸ˜‚,False,,topperguild,Topper Guild,,,,,,True,,,
3166,7329901752034053382,2024-01-30T09:42:26,136,SN,2249,9,32,32200,@Dakar Dem Dikk @Diabarou peulh biâ¤ï¸ğŸ’ ğŸ‘‰ğŸ½ 338241010,False,,ndeye_ndiaye.2,Ndeye NdiayeğŸ‡¸ğŸ‡³ğŸ¬,,,,,,False,,,
3175,7329183421425782062,2024-01-28T11:15:46,33,US,19300,119,140,1500000,I tricked him ğŸ˜‚,False,,topperguild,Topper Guild,,,,,,True,,,
3183,7329139943178013985,2024-01-28T08:26:18,61,FR,5934,5,30,180700,Jâ€™affronte un joueur PRO du PSG sur FC24 ! âš½ï¸ğŸ˜³ #starfreestyle #football #sportstiktok #pro #psg,True,,iamjoaskills,Joachim Freestyle â­ï¸ Football,,,,,,True,,,
3192,7328150422336687406,2024-01-25T16:26:32,37,US,28900,84,589,810400,Magician RATES My Magic Tricks ğŸ˜³ #magic ,False,,seandoesmagic,Seany,,,,,,True,,,
3201,7327042656075287814,2024-01-22T16:47:42,33,SN,8234,26,43,112800,,False,,ndeye_ndiaye.2,Ndeye NdiayeğŸ‡¸ğŸ‡³ğŸ¬,,,,,,False,,,
3210,7323353339268238634,2024-01-12T18:11:35,58,US,15200,25,47,203600,Magician vs Kevin Hart & LIFT Castâ€¦ who wins? ğŸ’°ğŸ¬ @Netflix #liftmovie #NetflixPartner,False,,seandoesmagic,Seany,,,,,,True,,,
3219,7323251212072062214,2024-01-12T11:34:57,60,SN,2939,8,16,43900,338241010 @sokhna ndour @Tamsir mbowâœ¨ @Sophie tourÃ© ğŸ‘”ğŸ‘˜ğŸ‘œğŸ‘šğŸ‘› @ndeye khady ba @feemu fii ak feenen,False,,ndeye_ndiaye.2,Ndeye NdiayeğŸ‡¸ğŸ‡³ğŸ¬,,,,,,False,,,
3228,7322052276154125574,2024-01-09T06:02:28,19,SN,26100,51,132,242400,,False,,ndeye_ndiaye.2,Ndeye NdiayeğŸ‡¸ğŸ‡³ğŸ¬,,,,,,False,,,
3237,7321327127050063137,2024-01-07T07:08:38,34,FR,7997,7,60,107300,"Mettre 100 BUTS en 1 MATCH sur FC24, câ€™est possible ? âš½ï¸ğŸ”¥ #starfreestyle #football #fc24",False,,iamjoaskills,Joachim Freestyle â­ï¸ Football,,,,,,True,,,
3246,7320358276892249349,2024-01-04T16:28:54,0,SN,9737,16,41,91800,,False,,ndeye_ndiaye.2,Ndeye NdiayeğŸ‡¸ğŸ‡³ğŸ¬,,,,,,False,,,
3255,7319157928601062662,2024-01-01T10:50:57,15,SN,11400,40,49,127900,Bonne et heureuse annÃ©e 2024@sokhna ndour @Tamsir mbowâœ¨  #@TorÃ©siaâ€‚chopğŸ‘œğŸ’¼ğŸ‘—ğŸ‘•ğŸ©³ğŸ‘–ğŸ‘¢ @ndeye khady ba @Luxury home by Codou & Ngone @astoundiaw @feemu fii ak feenen @Coumzo Defar @Dearra vase â™¥ï¸meuble â¤ï¸ @Batifa immobilier Senegal ğŸ‡¸ğŸ‡³,False,,ndeye_ndiaye.2,Ndeye NdiayeğŸ‡¸ğŸ‡³ğŸ¬,,,,,,False,,,
3264,7319154904231103750,2024-01-01T10:39:13,24,SN,51600,212,133,584600,@sokhna ndour @Tamsir mbowâœ¨ @TorÃ©siaâ€‚chopğŸ‘œğŸ’¼ğŸ‘—ğŸ‘•ğŸ©³ğŸ‘–ğŸ‘¢ @ndeye khady ba @Luxury home by Codou & Ngone @Batifa immobilier Senegal ğŸ‡¸ğŸ‡³ @Coumzo Defar @feemu fii ak feenen @Dearra vase â™¥ï¸meuble â¤ï¸ @astoundiaw ,False,,ndeye_ndiaye.2,Ndeye NdiayeğŸ‡¸ğŸ‡³ğŸ¬,,,,,,False,,,
3273,7317599554835107077,2023-12-28T06:03:41,109,SN,2496,7,16,44700,Dakar Dem Dikk rekğŸ’ªğŸ½ğŸ’ªğŸ½ğŸ’ªğŸ½@sokhna ndour @Tamsir mbowâœ¨ @TorÃ©siaâ€‚chopğŸ‘œğŸ’¼ğŸ‘—ğŸ‘•ğŸ©³ğŸ‘–ğŸ‘¢   @ndeye khady ba @Luxury home by Codou & Ngone @Keur.Ndeye.Ndiaye @Jumeaux afia officiel @Lamp Fall ameublement  @Book Joom vip ,False,,ndeye_ndiaye.2,Ndeye NdiayeğŸ‡¸ğŸ‡³ğŸ¬,,,,,,False,,,
3282,7317002184564985094,2023-12-26T15:25:34,15,SN,19900,181,47,366500,@sokhna ndour @Tamsir mbowâœ¨ @TorÃ©siaâ€‚chopğŸ‘œğŸ’¼ğŸ‘—ğŸ‘•ğŸ©³ğŸ‘–ğŸ‘¢ @ndeye khady ba @Jumeaux afia officiel ,False,,ndeye_ndiaye.2,Ndeye NdiayeğŸ‡¸ğŸ‡³ğŸ¬,,,,,,False,,,
3291,7316150437827071265,2023-12-24T08:20:21,24,FR,4940,4,22,66100,Je test une attraction foot de la fÃªte foraine ! âš½ï¸ğŸ¢ #starfreestyle #football #sportstiktok ,False,,iamjoaskills,Joachim Freestyle â­ï¸ Football,,,,,,True,,,
3300,7314791936064245035,2023-12-20T16:28:45,0,US,578100,1490,782,6200000,The best 5 years of my life,False,,alexwaarren,Alex Warren,,,,,,True,,,
3309,7313881156137618693,2023-12-18T05:34:20,9,SN,10800,42,9,111200,@Raf PROD @sokhna ndour @Tamsir mbowâœ¨ @TorÃ©siaâ€‚chopğŸ‘œğŸ’¼ğŸ‘—ğŸ‘•ğŸ©³ğŸ‘–ğŸ‘¢ @ndeye khady ba @,False,,ndeye_ndiaye.2,Ndeye NdiayeğŸ‡¸ğŸ‡³ğŸ¬,,,,,,False,,,
3318,7313647986406345989,2023-12-17T14:29:32,10,SN,6894,38,35,85600,,False,,ndeye_ndiaye.2,Ndeye NdiayeğŸ‡¸ğŸ‡³ğŸ¬,,,,,,False,,,
3327,7311626308734176517,2023-12-12T03:44:24,18,SN,49400,90,464,375400,,False,,ndeye_ndiaye.2,Ndeye NdiayeğŸ‡¸ğŸ‡³ğŸ¬,,,,,,False,,,
3336,7311119239488785707,2023-12-10T18:56:53,7,US,1400000,8020,1384,9600000,Idk we like eachother? ,False,,alexwaarren,Alex Warren,,,,,,True,,,
3345,7310749323942219014,2023-12-09T19:01:15,43,SN,13300,54,240,93600,Alhamdoulilah encore une autre trophÃ©e Meilleure Artiste de Lâ€™annÃ©e 2023 avec @Raf PROD â¤ï¸â¤ï¸â¤ï¸ @sokhna ndour @Tamsir mbowâœ¨ ya meuneu vidÃ©o kay@TorÃ©siaâ€‚chopğŸ‘œğŸ’¼ğŸ‘—ğŸ‘•ğŸ©³ğŸ‘–ğŸ‘¢ @ndeye khady ba @Ndeye Gueye @ousseynou ndong at tijany @PauğŸ¯Ã‰bÃ¨ne ğŸ¤ğŸ¯ @NDEYE NDIAYE JUNIOR â™¥ï¸ğŸ­ğŸ¬ @feemu fii ak feenen,False,,ndeye_ndiaye.2,Ndeye NdiayeğŸ‡¸ğŸ‡³ğŸ¬,,,,,,False,,,
3354,7309498924094459168,2023-12-06T10:09:05,39,FR,3398,8,276,81600,Mini Ronaldo met un Arc en Ciel ! âš½ï¸ğŸ˜® #starfreestyle #football #sportstiktok #ronaldo ,False,,iamjoaskills,Joachim Freestyle â­ï¸ Football,,,,,,True,,,
3363,7308487494176181510,2023-12-03T16:44:12,18,SN,6363,5,21,92800,,False,,ndeye_ndiaye.2,Ndeye NdiayeğŸ‡¸ğŸ‡³ğŸ¬,,,,,,False,,,
3371,7308084263805635845,2023-12-02T14:39:27,13,SN,2424,23,11,55500,@sokhna ndour @Tamsir mbowâœ¨  @TorÃ©siaâ€‚chopğŸ‘œğŸ’¼ğŸ‘—ğŸ‘•ğŸ©³ğŸ‘–ğŸ‘¢ @ndeye khady ba @Ndeye Gueye @Khady Baba ,False,,ndeye_ndiaye.2,Ndeye NdiayeğŸ‡¸ğŸ‡³ğŸ¬,,,,,,False,,,
3379,7308075753386675462,2023-12-02T14:06:26,13,SN,5738,35,12,133000,@sokhna ndour @Tamsir mbowâœ¨ @TorÃ©siaâ€‚chopğŸ‘œğŸ’¼ğŸ‘—ğŸ‘•ğŸ©³ğŸ‘–ğŸ‘¢ @ndeye khady ba @Khady Baba @,False,,ndeye_ndiaye.2,Ndeye NdiayeğŸ‡¸ğŸ‡³ğŸ¬,,,,,,False,,,
3387,7307940656469658886,2023-12-02T05:22:12,59,SN,1270,6,4,28100,,False,,ndeye_ndiaye.2,Ndeye NdiayeğŸ‡¸ğŸ‡³ğŸ¬,,,,,,False,,,
3395,7307727845021715717,2023-12-01T15:36:21,36,SN,15500,94,103,233700,Son bi doumako may diam dai@sokhna ndour @Tamsir mbowâœ¨ @TorÃ©siaâ€‚chopğŸ‘œğŸ’¼ğŸ‘—ğŸ‘•ğŸ©³ğŸ‘–ğŸ‘¢ @ndeye khady ba @Ndeye Gueye @Khady Baba @feemu fii ak feenen ,False,,ndeye_ndiaye.2,Ndeye NdiayeğŸ‡¸ğŸ‡³ğŸ¬,,,,,,False,,,
3403,7307718575681309982,2023-12-01T15:00:38,20,US,381900,1490,523,3600000,This is my formal application to play the next GRINCH,False,,alexwaarren,Alex Warren,,,,,,True,,,
3412,7307362750882254110,2023-11-30T15:59:51,18,US,196200,123,266,2200000,At least im self aware,False,,alexwaarren,Alex Warren,,,,,,True,,,
3421,7307032706502642975,2023-11-29T18:39:03,37,US,764200,978,376,5800000,I think we have a bruised rib ,False,,alexwaarren,Alex Warren,,,,,,True,,,
3430,7306143253764574469,2023-11-27T09:07:19,14,SN,75200,661,509,1300000,,False,,ndeye_ndiaye.2,Ndeye NdiayeğŸ‡¸ğŸ‡³ğŸ¬,,,,,,False,,,
3438,7305133418147269894,2023-11-24T15:48:40,10,US,15900,76,75,125300,ğŸ¤£ğŸ¤£ğŸš¶ğŸ¾â€â™€ï¸,False,,charminbella,BellağŸŒ¹ğŸ‡¸ğŸ‡³,,,,,,False,,,
3447,7304802505123220742,2023-11-23T18:24:34,27,SN,64000,282,325,754200,,False,,ndeye_ndiaye.2,Ndeye NdiayeğŸ‡¸ğŸ‡³ğŸ¬,,,,,,False,,,
3455,7304530490432736542,2023-11-23T00:49:16,36,US,112900,663,228,1400000,This was a lifesaver @airup #airuppartner ,False,,alexwaarren,Alex Warren,,,,,,True,,,
3464,7304279175895010593,2023-11-22T08:33:49,36,FR,18500,18,88,324600,Marquer un but avec 5 gardiens dans les cages ! ğŸ˜®âš½ï¸ #starfreestyle #sportstiktok #football,False,,iamjoaskills,Joachim Freestyle â­ï¸ Football,,,,,,True,,,
3473,7303313733915348229,2023-11-19T18:07:23,9,SN,11800,26,76,129300,ğŸ˜‚ğŸ˜‚ğŸ˜‚ğŸ˜‚ğŸ˜‚@sokhna ndour @TorÃ©siaâ€‚chopğŸ‘œğŸ’¼ğŸ‘—ğŸ‘•ğŸ©³ğŸ‘–ğŸ‘¢ @ndeye khady ba @NDEYE NDIAYE JUNIOR â™¥ï¸ğŸ­ğŸ¬ @Ndeye Gueye @Mina bou Mame Ndiaye ğŸ¥° @Tamsir mbowâœ¨ ,False,,ndeye_ndiaye.2,Ndeye NdiayeğŸ‡¸ğŸ‡³ğŸ¬,,,,,,False,,,
3481,7302938317409029381,2023-11-18T17:50:33,58,SN,13800,48,57,218600,@sokhna ndour @TorÃ©siaâ€‚chopğŸ‘œğŸ’¼ğŸ‘—ğŸ‘•ğŸ©³ğŸ‘–ğŸ‘¢ @ndeye khady ba ,False,,ndeye_ndiaye.2,Ndeye NdiayeğŸ‡¸ğŸ‡³ğŸ¬,,,,,,False,,,
3489,7301908909244042527,2023-11-15T23:16:00,30,US,470600,3749,343,3000000,Some of these were out of pocket lol ,False,,alexwaarren,Alex Warren,,,,,,True,,,
3498,7301875858996727070,2023-11-15T21:07:50,7,US,509100,1313,342,3900000,Anyways listen to Yard Sale,False,,alexwaarren,Alex Warren,,,,,,True,,,
3507,7301599086304627999,2023-11-15T03:13:50,31,US,225200,414,189,1800000,I think we had too much fun buildingÂ ourÂ LovesacÂ SactionalsÂ lol @Lovesac #LovesacÂ #LovesacStealthTech ,False,,alexwaarren,Alex Warren,,,,,,True,,,
3516,7300893812853935391,2023-11-13T05:37:57,17,US,271800,248,330,2400000,My favorite was the 20 cheeseburgers lol,False,,alexwaarren,Alex Warren,,,,,,True,,,
3525,7300650639376338182,2023-11-12T13:53:11,15,SN,21200,112,90,240300,@sokhna ndour @TorÃ©siaâ€‚chopğŸ‘œğŸ’¼ğŸ‘—ğŸ‘•ğŸ©³ğŸ‘–ğŸ‘¢ @NDEYE NDIAYE JUNIOR â™¥ï¸ğŸ­ğŸ¬ @Ndeye Gueye @Nafy mbaye 922 @@mdrkane23 @,False,,ndeye_ndiaye.2,Ndeye NdiayeğŸ‡¸ğŸ‡³ğŸ¬,,,,,,False,,,
3533,7300576146494737669,2023-11-12T09:04:07,13,SN,1865,7,7,37700,Joyeux anniversaire ma maman dâ€™amour yayou khalei doundeul lou bari bakh guene beugue say ndiabot doundeul 120ans sans ordonnances ğŸ‚ğŸ‰ğŸŠğŸğŸ‚@sokhna ndour @TorÃ©siaâ€‚chopğŸ‘œğŸ’¼ğŸ‘—ğŸ‘•ğŸ©³ğŸ‘–ğŸ‘¢ @NDEYE NDIAYE JUNIOR â™¥ï¸ğŸ­ğŸ¬,False,,ndeye_ndiaye.2,Ndeye NdiayeğŸ‡¸ğŸ‡³ğŸ¬,,,,,,False,,,
3541,7299693926821235999,2023-11-10T00:00:57,16,US,273300,627,898,4500000,This song would have never came out without you. THANK YOU. I LOVE YOU.,False,,alexwaarren,Alex Warren,,,,,,True,,,
3550,7298914874233572639,2023-11-07T21:37:37,11,US,271000,447,306,2800000,END OF YEAR 2023 RECAPğŸ¥¹,True,,alexwaarren,Alex Warren,,,,,,True,,,
3559,7297940985034657057,2023-11-05T06:38:23,29,FR,2030,6,23,49000,24h pour apprendre le Surf ! ğŸ„â€â™‚ï¸ğŸŒŠ Mercii @Surfingfrance et @TikTok France pour cette superbe aventure ğŸ™ğŸ»ğŸ”¥ Thx au Pro ! @Nana conradi & @Jorgann Couzinet ğŸ„âœ¨ğŸ™ğŸ»  #roadtoparis #starfreestyle #surf #sportstiktok,False,,iamjoaskills,Joachim Freestyle â­ï¸ Football,,,,,,True,,,
3568,7297579495618252064,2023-11-04T08:15:35,42,FR,10900,25,113,813700,Jâ€™ai assistÃ© a la 67e cÃ©rÃ©monie du Ballon dâ€™Or ! âš½ï¸ğŸ˜³ un grand MERCI Ã  @FOOTBAR | Tracker Football pour cette expÃ©rience unique ğŸ™ğŸ»ğŸ«¶ğŸ» #messi #starfreestyle #footbar #ballondor,True,,iamjoaskills,Joachim Freestyle â­ï¸ Football,,,,,,True,,,
3577,7296649361138732318,2023-11-01T20:06:15,31,US,890600,4379,994,5600000,Can we just high five and call it a day?,False,,alexwaarren,Alex Warren,,,,,,True,,,
3586,7295881753577786629,2023-10-30T18:27:29,102,SN,2012,22,20,35900,@sokhna ndour @engagÃ© domou sam sam @TorÃ©siaâ€‚chopğŸ‘œğŸ’¼ğŸ‘—ğŸ‘•ğŸ©³ğŸ‘–ğŸ‘¢ @NDEYE NDIAYE JUNIOR â™¥ï¸ğŸ­ğŸ¬ @Raf PROD @Tamsir mbowâœ¨ @PauğŸ¯Ã‰bÃ¨ne ğŸ¤ğŸ¯ @MamendiayesavouSF ,False,,ndeye_ndiaye.2,Ndeye NdiayeğŸ‡¸ğŸ‡³ğŸ¬,,,,,,False,,,
3594,7290143268451405088,2023-10-15T07:19:15,62,FR,9016,28,59,84000,"24h en Pro a la @juventus, lâ€™ancien club de Cristiano Ronaldo âš½ï¸ğŸ”¥âšªï¸âš«ï¸ #ronaldo #zidane #juventus #juventusfamily #starfreestyle #sportstiktok",False,,iamjoaskills,Joachim Freestyle â­ï¸ Football,,,,,,True,,,
3603,7283273354390424863,2023-09-26T19:00:33,19,US,526300,3234,453,4100000,From high school sweethearts to getting marriedğŸ¥¹,False,,alexwaarren,Alex Warren,,,,,,True,,,
3612,7282728865946963232,2023-09-25T07:47:36,30,FR,9113,91,25,515500,Coup dâ€™envoi du jeu concours Footbar x Ballon dâ€™Or !  Tente de gagner deux places pour assister Ã  la cÃ©rÃ©monie du Ballon dâ€™Or 2023 Ã  Paris ğŸ’« @FOOTBAR | Tracker Football  Tu as jusquâ€™au 8 octobre Ã  18H pour rÃ©aliser ta frappe la plus puissante sur des sessions de plus de 30 minutes avec le capteur Footbar ! La frappe la plus puissante sera sÃ©lectionnÃ©e automatiquement par Footbar  On se revoit Ã  la cÃ©rÃ©monie ? ğŸ˜ #footbar #football #footballgame #challenge #ballondor2023 #stats #foot #footballplayer #goat #bestplayer #starfreestyle,True,,iamjoaskills,Joachim Freestyle â­ï¸ Football,,,,,,True,,,
3621,7282560608166268190,2023-09-24T20:54:42,15,US,2200000,94400,4278,12900000,Unboxing my momâ€¦,False,,alexwaarren,Alex Warren,,,,,,True,,,
3630,7282115130983189803,2023-09-23T16:06:06,55,US,402200,7531,702,3200000,#stitch with @Alex Warren 8 MONTHS since i last vapedâ€¦ heres an update!,False,,alexwaarren,Alex Warren,,,,,,True,,,
3639,7281572488071400734,2023-09-22T05:00:38,9,US,1900000,25800,1466,10600000,My dark humour heals me,False,,alexwaarren,Alex Warren,,,,,,True,,,
3648,7278820863753981227,2023-09-14T19:02:34,20,US,497700,7104,1032,3800000,If you ever had to let go of something you worked so hard forâ€¦ this is your song.,False,,alexwaarren,Alex Warren,,,,,,True,,,
3657,7277971685159030048,2023-09-12T12:07:18,57,FR,6164,65,50,163300,"Frappe fort, vise le ballon dâ€™OR ğŸ’« @FOOTBAR | Tracker Football tâ€™offre la possibilitÃ© dâ€™assister Ã  la CÃ©rÃ©monie du Ballon dâ€™Or avec la personne de ton choix, le 30 octobre prochain !  DÃ©but du challenge : Lundi 25 septembre Ã  13H  !  #Francefootball #Ballondor #footbar #football #footballplayer #bestplayer #footballgame #starfreestyle",True,,iamjoaskills,Joachim Freestyle â­ï¸ Football,,,,,,True,,,
3666,7277230202961349921,2023-09-10T12:09:59,74,FR,2223,2,15,17300,Jâ€™ai vu MBAPPE en VRAI et il a marquÃ© ! ğŸ˜³âš½ï¸ RÃ©cap du match de @ligue1ubereats entre le @psg et Lâ€™ESTAC âš½ï¸ la video a Ã©tÃ© tournÃ© en Mai 2023. Un grand merci a lâ€™@ESTAC Troyes ! ğŸ™ğŸ»#sportstiktok #starfreestyle #football #mbappe,False,,iamjoaskills,Joachim Freestyle â­ï¸ Football,,,,,,True,,,
3675,7274184480636587296,2023-09-02T07:11:02,71,FR,5171,24,37,140600,Je test les crampons de RONALDO Ã  300â‚¬ ! ğŸ˜³ #sportstiktok #starfreestyle #football #ronaldo,True,,iamjoaskills,Joachim Freestyle â­ï¸ Football,,,,,,True,,,
3684,7268990527037558048,2023-08-19T07:15:50,80,FR,4706,23,30,97400,Vivre 24h comme NEYMAR ! ğŸ˜®âš½ï¸ğŸ”ğŸ•ºğŸ» #sportstiktok #starfreestyle #neymar #football,True,,iamjoaskills,Joachim Freestyle â­ï¸ Football,,,,,,True,,,
3693,7266746293479853345,2023-08-13T06:07:03,34,FR,23900,232,58,2000000,Quel est ton joueur de foot prÃ©fÃ©rÃ© ? ğŸ˜âš½ï¸ #sportstiktok #starfreestyle #easports #mbappe #neymar #haaland ,False,,iamjoaskills,Joachim Freestyle â­ï¸ Football,,,,,,True,,,
3702,7265039815824002310,2023-08-08T15:45:00,40,BR,2600,37,193,116400,"Ã‰ oficial, com grande alegria que anunciamos o inÃ­cio do nosso novo formato de engajada, que passarÃ¡ a ser mensal. Para tornar as coisas ainda mais emocionantes, temos uma surpresa exclusiva e personalizada que serÃ¡ enviada na caixinha da vencedor(a)! Aproveitem muito, comentem, compartilhem e deixem seus comentÃ¡rios e lembrem-se: - Selecionaremos vencedores autÃªnticos. Perfis fakes ou sem identificaÃ§Ã£o nÃ£o serÃ£o contabilizados ğŸ˜Š - AÃ§Ã£o pode ser encerrada a qualquer momento - Spam nÃ£o serÃ£o contabilizados, os comentÃ¡rios precisam ser autÃªnticos   Bora engajar Amigas(os) ğŸ§¡ğŸ§¡ #maquiagem #makeup #make #maquiagembrasil #marimaria #marimariamakeup ",False,,marimariamakeup,Mari Maria Makeup,,,,,,False,,,
3711,7261644110778436891,2023-07-30T12:07:58,64,FR,22900,56,60,250100,Je fais de MBAPPÃ‰ un GÃ‰ANT ! ğŸ˜® ( Il met une retournÃ© en final ) #sportstiktok #starfreestyle #mbappe #fifa23 #easports,False,,iamjoaskills,Joachim Freestyle â­ï¸ Football,,,,,,True,,,
3720,7259035055404715290,2023-07-23T11:23:33,22,FR,5672,26,51,129300,"Tu prÃ©fÃ¨res Mbappe, Neymar ou Ronaldo ? ğŸ˜âš½ï¸ğŸ”¥ #sportstiktok #starfreestyle #ronaldo #mbappe #neymar ",True,,iamjoaskills,Joachim Freestyle â­ï¸ Football,,,,,,True,,,
3729,7256393162489433370,2023-07-16T08:31:37,68,FR,16200,31,103,179000,Je reproduis les pubs fake des footballeurs ! ğŸ˜³âš½ï¸ğŸ”¥ #sportstiktok #starfreestyle #football #ronaldo #mbappe #messi ,False,,iamjoaskills,Joachim Freestyle â­ï¸ Football,,,,,,True,,,
3738,7253772191454596379,2023-07-09T07:00:57,69,FR,5403,16,26,92300,Le dernier qui rate son penalty gagne 100â‚¬ ! ğŸ˜®âš½ï¸ ( Mini Messi marque un but incroyable ) #sportstiktok #starfreestyle #football,True,,iamjoaskills,Joachim Freestyle â­ï¸ Football,,,,,,True,,,
3747,7251178057241726234,2023-07-02T07:14:22,66,FR,8949,11,53,138700,JE TIRE Ã€ PLUS DE 100 KM/H â˜„ï¸âš½ï¸ğŸ˜® #sportstiktok #starfreestyle #football,True,,iamjoaskills,Joachim Freestyle â­ï¸ Football,,,,,,True,,,
3756,7248622765719211291,2023-06-25T09:58:33,67,FR,47600,66,92,675400,Marquer avec 100 ballons sur un terrain de football ! ğŸ˜®âš½ï¸ #sportstiktok #starfreestyle,False,,iamjoaskills,Joachim Freestyle â­ï¸ Football,,,,,,True,,,
3764,7239019122938350874,2023-05-30T12:51:28,26,FR,29300,42,56,515500,Je defi un Pilote prÃ©sent au Grand Prix de Monaco ! ğŸ˜³ğŸ‡²ğŸ‡¨ #motorsport #sportstiktok un grand MERCI Ã   @Aston Martin Aramco Cognizant & Stoffel Vandoorne ğŸ™ğŸ» @TikTok France ğŸ™ŒğŸ»ğŸ«¶ğŸ»,False,,iamjoaskills,Joachim Freestyle â­ï¸ Football,,,,,,True,,,
3772,7238671456111054106,2023-05-29T14:22:49,62,FR,16800,44,58,240500,24H au Grand Prix de Monaco ! ğŸ‡²ğŸ‡¨ğŸ˜® Un grand merci Ã  @ART Grand Prix et @TikTok France pour cette expÃ©rience incroyable ! Merci @Esteban Ocon tâ€™es un boss ! ğŸ™ğŸ»ğŸ†âš½ï¸#motorsport  #sportstiktok,False,,iamjoaskills,Joachim Freestyle â­ï¸ Football,,,,,,True,,,
3780,7234105256567704858,2023-05-17T07:03:14,65,FR,31800,122,86,393500,Tu aurais gagnÃ© combien toi ? ğŸ˜âš½ï¸ #motogp #motorsport #frenchgp #gp1000 #starfreestyle #sportstiktok @redbullfrance @TikTok France @MotoGPâ„¢,False,,iamjoaskills,Joachim Freestyle â­ï¸ Football,,,,,,True,,,
3788,7233746088098860315,2023-05-16T07:49:28,61,FR,26400,127,137,288600,Un pilote de Moto GP a tâ€™il plus de reflexe quâ€™un Footballeur âš½ï¸âš¡ï¸ un grand merci Ã  @redbullfrance @TikTok France @MotoGPâ„¢ Johann Zarco et @LeBouseuh ğŸ™ğŸ» #motogp #motorsport #frenchgp #gp1000 #starfreestyle #sportstiktok,False,,iamjoaskills,Joachim Freestyle â­ï¸ Football,,,,,,True,,,
3796,7209263765458570522,2023-03-11T07:25:30,62,FR,46200,240,7090,657100,Devinez qui est ce joueur de foot ? ğŸ˜®âš½ï¸ğŸ”¥ #starfreestyle #football #sportstiktok ,False,,iamjoaskills,Joachim Freestyle â­ï¸ Football,,,,,,True,,,
3804,7204080763556384005,2023-02-25T08:12:45,76,FR,90600,595,23700,792800,Devinez qui est ce joueur de foot âš½ï¸ ğŸ˜®ğŸ† #starfreestyle #football ,False,,iamjoaskills,Joachim Freestyle â­ï¸ Football,,,,,,True,,,
3812,7193818726137941294,2023-01-28T16:30:54,21,US,42700,263,171,563100,Why is it like this? ğŸ¥º #eastcoast ,False,,joeyklaasen,Joey Klaasen,,,,,,True,,,
3819,7191967982208159022,2023-01-23T16:49:05,5,US,148100,680,177,8500000,the pine needles are added flavor :) ,False,,joeyklaasen,Joey Klaasen,,,,,,True,,,
3826,7190879739425475883,2023-01-20T18:26:07,10,US,141300,5044,1162,3200000,only downside ğŸ˜‚ğŸ˜­ @alexojeda #skiing #snowboarding #camelbackresort ,False,,joeyklaasen,Joey Klaasen,,,,,,True,,,
3833,7190747086780910853,2023-01-20T09:51:15,99,FR,4384,8,9,113900,Partager des ondes positives pour 2023 comme les vÃ©hicules Ã©lectriques Ã  deux roues YADEA ! ğŸ˜âš½ï¸ #Yadea @YADEA #ad,True,,iamjoaskills,Joachim Freestyle â­ï¸ Football,,,,,,True,,,
3841,7180664524251450630,2022-12-24T05:45:49,75,FR,9587,12,12,592100,"Un grand bravo Ã  Raphael Varane, ambassadeur de TCL, qui a fait un grand retour pour assurer une dÃ©fense solide ! @TCL  #TCLInspireGreatness #GreatShow #ad ",False,,iamjoaskills,Joachim Freestyle â­ï¸ Football,,,,,,True,,,
3849,7180034181383195909,2022-12-22T12:59:45,17,FR,3414,14,13,89600,Toi aussi rÃ©alise une passe magique Ã  un ami en utilisant le #PassTheMagicOn et lâ€™audio de cette vidÃ©o âš½ï¸ğŸŠ Je fais une passe magique Ã  mon ami @maxence_fs ğŸ™ŒğŸ»ğŸ”¥ #starfreestyle #football  #ad  ,True,,iamjoaskills,Joachim Freestyle â­ï¸ Football,,,,,,True,,,
3857,7179666720506907909,2022-12-21T13:13:48,47,FR,7108,10,8,100300,Tu veux livrer le ballon aux arbitres sur un match de @ligue1ubereats ? âš½ï¸ğŸ¤© GrÃ¢ce Ã  @ubereats participe au #LivraisonBallonChallenge et livre un ballon Ã  ta faÃ§on ! #Ligue1UberEats #ubereats #starfreestyle #sportstiktok #ad,True,,iamjoaskills,Joachim Freestyle â­ï¸ Football,,,,,,True,,,
3865,7175506785648889093,2022-12-10T08:11:09,125,FR,7247,19,16,960000,Varane marquera tâ€™il un but lors de ce match dÃ¨s quart de final ? âš½ï¸ğŸ”¥ @TCL  @ashfreestyle  #TCLInspireGreatness #PassTheGreatness #GreatShow #ad ,True,,iamjoaskills,Joachim Freestyle â­ï¸ Football,,,,,,True,,,
3873,7175249155089059077,2022-12-09T15:31:23,8,US,32600,40,90,238600,Tout ce que je porte ainsi que le sac vient de : @Darkaseclothes une nouvelle marque qui vient dâ€™ouvrir Ã  Dakar.  Go jeter un coup dâ€™Å“il ! Insta : @darkaseclothes ,False,,charminbella,BellağŸŒ¹ğŸ‡¸ğŸ‡³,,,,,,False,,,
3882,7174442442026929414,2022-12-07T11:20:55,29,FR,11600,16,12,144700,Je dÃ©fi un tennisman professionnel ğŸ¾ sur le Freestyle âš½ï¸ est-il fort ?  Merci @thegaelmonfils ! (le boss) ğŸ†ğŸ”¥ğŸ”® Merci aussi Ã  @TikTok France et @AS Monaco pour cette journÃ©e magique ! â­ï¸ #starfreestyle #football #footballontherock #sportstiktok #asmonaco ,False,,iamjoaskills,Joachim Freestyle â­ï¸ Football,,,,,,True,,,
3890,7174082843679689990,2022-12-06T12:05:31,30,FR,44400,73,330,655400,Je dÃ©fi un gardien de lâ€™@AS Monaco ğŸ’¥ğŸ§¤ ! A tâ€™on avis je vais mettre combien de buts ? âš½ï¸ Merci @tiktok_france et lâ€™AS Monaco ğŸ™ğŸ» câ€™Ã©tait gÃ©nial ! ğŸ”¥âš½ï¸ #starfreestyle #football #footballontherock #sportstiktok #asmonaco ,False,,iamjoaskills,Joachim Freestyle â­ï¸ Football,,,,,,True,,,
3898,7173706346808888582,2022-12-05T11:44:31,70,FR,386700,2047,1906,3400000,"Je deviens Footballeur Professionnel Ã  @asmonaco ğŸ‡²ğŸ‡¨âš½ï¸ğŸ”¥ Dans la peau dâ€™un pro pendant 24 heures, quelle expÃ©rience ! ğŸ’¥ un grand MERCI Ã   @tiktok_france et lâ€™As Monaco âš½ï¸ğŸ™ğŸ» #starfreestyle #football #sportstiktok #footballontherock #asmonaco",False,,iamjoaskills,Joachim Freestyle â­ï¸ Football,,,,,,True,,,
3907,7173309535405329670,2022-12-04T10:04:40,97,FR,8567,8,18,1000000,Varane marquera tâ€™il un but de la tÃªte lors du match en 1/8eme de final ? âš½ï¸ğŸ’ªğŸ» @TCL  #TCLInspireGreatness #PassTheGreatness #GreatShow #ad,True,,iamjoaskills,Joachim Freestyle â­ï¸ Football,,,,,,True,,,
3915,7170425523535908102,2022-11-26T15:33:14,47,FR,17500,23,83,180900,Je tâ€™offre une Pizza ğŸ• si tu rÃ©ussis ce geste de Foot âš½ï¸ğŸ˜ merci @pizzatimefrance et @Orangina France  #starfreestyle #football #freestyle #ad,True,,iamjoaskills,Joachim Freestyle â­ï¸ Football,,,,,,True,,,
3923,7168903158889155845,2022-11-22T13:05:41,15,FR,29000,77,30,1800000,Avez-vous dÃ©jÃ  rÃ©ussi le dÃ©fi de la barre transversale ? ğŸ’¥ Venez fÃªter votre rÃ©ussite sportive vous aussi! Comment cÃ©lÃ©brez-vous?  ! âš½ï¸ğŸ˜ #wheretheworldcelebrates  #benzayala  @visitdubai #ad#Benzayala ,True,,iamjoaskills,Joachim Freestyle â­ï¸ Football,,,,,,True,,,
3931,7168863650936032517,2022-11-22T10:32:22,94,FR,8219,9,18,1100000,Varane sera-t-il sur le terrain lors du prochain match ? âš½ï¸ Fera-t-il plus que 3 interceptions ? @tcl   #TCLInspireGreatness   #GreatShow #sponsorisÃ©,True,,iamjoaskills,Joachim Freestyle â­ï¸ Football,,,,,,True,,,
3939,7168516843676749062,2022-11-21T12:06:35,33,FR,8078,63,19,178100,"Qui allez-vous soutenir? Les tenues ""Let Them Know"" sont disponibles dans la boutique en jeu de Fortnite aujourd'hui, 21 Novembre! #EpicPartner #LetThemKnow @fortnite  #ad",True,,iamjoaskills,Joachim Freestyle â­ï¸ Football,,,,,,True,,,
3947,7167080250860440837,2022-11-17T15:11:54,46,FR,46900,1389,345,6300000,Embrasse le poulet sur ton maillot ! Un Colonel Original Burger offert si un Bleu rÃ©alise LA cÃ©lÃ©bration #KissTheChickenKFC @kfc_france ,True,,iamjoaskills,Joachim Freestyle â­ï¸ Football,,,,,,True,,,
3955,7161498127206223146,2022-11-02T15:10:33,23,US,334500,1610,1166,8200000,I love u Lew Lew,False,,alexwaarren,Alex Warren,,,,,,True,,,
3964,7159900402257988869,2022-10-29T07:50:28,64,FR,38600,45,68,363500,Je dÃ©fi un Gardien Robot ğŸ˜³ Messi nâ€™a pas rÃ©ussi âš½ï¸ est ce que câ€™est vraiment difficile ? On va essayer ! ğŸ’ªğŸ» #starfreestyle #sportstiktok #footballfreestyle  ,False,,iamjoaskills,Joachim Freestyle â­ï¸ Football,,,,,,True,,,
3972,7155054387675565318,2022-10-16T06:25:26,71,FR,130000,167,1285,1200000,Jâ€™ai touchÃ© le ballon dâ€™or et rencontrÃ© un professionnel de foot âš½ï¸ğŸ˜³â­ï¸  Merci Ã  @TikTok France et Didier Drogba ğŸ™ğŸ» #sportstiktok #starfreestyle #ballondor #freestyle #football #drogba ,False,,iamjoaskills,Joachim Freestyle â­ï¸ Football,,,,,,True,,,
3981,7153579699539692806,2022-10-12T07:02:53,71,FR,36800,24,66,330400,"Jâ€™ai rencontrÃ© @michou_yt, @joycaledelire et @squeezie au @gp_explorer ! ğŸ˜³ğŸ¤© Merci @tiktok_france pour lâ€™invitation ğŸ™ğŸ»ğŸ˜  Merci Ã  Keliane et sa famille ğŸ˜Š #sportstiktok #starfreestyle #footballfreestyle #gpexplorer ",False,,iamjoaskills,Joachim Freestyle â­ï¸ Football,,,,,,True,,,
3989,7151785416000081158,2022-10-07T11:00:07,25,FR,21200,33,130,168100,Es-tu fort au foot ? âš½ï¸ğŸ˜³ Je te lance le dÃ©fi de rÃ©aliser ce geste ! ğŸ‘€ğŸ˜ @OPPO France  #sportstiktok #opposhadowskills #starfreestyle ,True,,iamjoaskills,Joachim Freestyle â­ï¸ Football,,,,,,True,,,
3997,7149518336135548166,2022-10-01T08:22:40,60,FR,94800,62,392,1300000,Et toi ? Quelle est la vitesse de ton tir ? ğŸ˜³ğŸ’ªğŸ» @oppofrance #starfreestyle #sportstiktok  ,True,,iamjoaskills,Joachim Freestyle â­ï¸ Football,,,,,,True,,,
4005,7146518059220552965,2022-09-28T07:36:18,32,FR,26300,29,42,977600,Quel est ton personnage prÃ©fÃ©rÃ© dans le jeu Genshin Impact ? ğŸ˜ğŸ® #Genshinimpact #EndlessJourney @genshinimpact_fr ,True,,iamjoaskills,Joachim Freestyle â­ï¸ Football,,,,,,True,,,
4013,7145756784341355781,2022-09-21T05:06:01,40,FR,5373,22,54,123600,Toi aussi participe au #OPPOShadowSkills et tente de gagner des cadeaux !ğŸ¤© @oppofrance  #starfreestyle #sponsorisÃ© ,True,,iamjoaskills,Joachim Freestyle â­ï¸ Football,,,,,,True,,,
4021,7144287239890095366,2022-09-17T06:03:25,63,FR,211200,300,884,2000000,Tu aurais gagnÃ© combien toi ? ğŸ˜âš½ï¸ #starfreestyle ##sportstiktok,False,,iamjoaskills,Joachim Freestyle â­ï¸ Football,,,,,,True,,,
4029,7143209732642213126,2022-09-14T08:22:05,30,FR,12900,7,115,171500,Quel est ton joueur de foot prÃ©fÃ©rÃ© ? âš½ï¸ğŸ˜³ #starfreestyle #mbappe ,True,,iamjoaskills,Joachim Freestyle â­ï¸ Football,,,,,,True,,,
4037,7138149958120721706,2022-08-31T17:07:32,17,US,59500,29,54,580400,stuck it ğŸ”¥ğŸ˜,False,,joeyklaasen,Joey Klaasen,,,,,,True,,,
4044,7137733485120294187,2022-08-30T14:11:27,13,US,27000,18,34,332900,@nfl whereâ€™s my offer ğŸ˜ @kartriteresort,False,,joeyklaasen,Joey Klaasen,,,,,,True,,,
4051,7110955681469140270,2022-06-19T10:19:55,10,US,127400,80,142,1300000,Throwback to this banger cuz iâ€™m not home but HAPPY FATHERâ€™s DAY POPS! ğŸ˜‹,False,,joeyklaasen,Joey Klaasen,,,,,,True,,,
4058,7110673881421139242,2022-06-18T16:06:17,9,US,33800,13,44,364100,my grandma killed that ğŸ˜‹ @amelia @friedrich_breznev @noemiromanabernar,False,,joeyklaasen,Joey Klaasen,,,,,,True,,,
4065,7106825480808009003,2022-06-08T07:12:35,23,US,144600,72,221,1200000,idk why i thought this would be fun ğŸ˜­ only took like half the day,False,,joeyklaasen,Joey Klaasen,,,,,,True,,,
4072,7097691965428469035,2022-05-14T16:29:49,11,US,143400,1320,510,918500,double knockout,False,,joeyklaasen,Joey Klaasen,,,,,,True,,,
4079,7091073492602457390,2022-04-26T20:26:46,6,US,71000,167,152,584300,The slides in Mexico are fun @alexojeda said ğŸ™ƒ,False,,joeyklaasen,Joey Klaasen,,,,,,True,,,
4086,7071044297348386090,2022-03-03T20:03:15,10,US,44400,73,195,508600,Saint Lucia got the griddy on lock ğŸ‡±ğŸ‡¨ğŸ”¥ğŸ˜ #saintlucia,False,,joeyklaasen,Joey Klaasen,,,,,,True,,,
4093,7058643535964294447,2022-01-29T10:02:02,16,US,77800,90,195,658100,The elevators were so hard to line up ğŸ˜‚ğŸ˜‹,False,,joeyklaasen,Joey Klaasen,,,,,,True,,,
4100,7056815513741348142,2022-01-24T11:48:20,11,US,66700,81,334,685100,Please let me know if this normally cost 150 from a lady on the beach cuz imma say no on that,False,,joeyklaasen,Joey Klaasen,,,,,,True,,,
4107,7043956247972072750,2021-12-20T20:07:48,9,US,122100,1540,562,1800000,Dap me up bro,False,,joeyklaasen,Joey Klaasen,,,,,,True,,,
4114,7039525856678694190,2021-12-08T21:35:37,8,US,426200,412,694,4400000,I thought yâ€™all were cappin bout this filter ğŸ‘€ğŸ˜³,False,,joeyklaasen,Joey Klaasen,,,,,,True,,,
4121,7038749433735040262,2021-12-06T19:22:43,14,US,83800,131,328,947800,How long till he realizes though ğŸ˜³,False,,joeyklaasen,Joey Klaasen,,,,,,True,,,
4128,7038269074966711558,2021-12-05T12:18:40,14,US,397700,10500,3400,4400000,Not what I was expecting tbh ğŸ˜­,False,,joeyklaasen,Joey Klaasen,,,,,,True,,,
4135,7038040733562998021,2021-12-04T21:32:35,35,US,355000,4352,1586,2200000,Let me put you on somethingâ€¦,False,,joeyklaasen,Joey Klaasen,,,,,,True,,,
4142,7037622676155813126,2021-12-03T18:30:18,8,US,244100,529,930,2600000,itâ€™s literally bars of 4 so,False,,joeyklaasen,Joey Klaasen,,,,,,True,,,
4149,7037613518316670214,2021-12-03T17:54:46,7,US,81600,340,265,882800,She loved it :),False,,joeyklaasen,Joey Klaasen,,,,,,True,,,
4156,7035992517170564358,2021-11-29T09:04:28,21,US,52800,366,140,491600,Her neck at the end ğŸ˜­ @nikkikissler,False,,joeyklaasen,Joey Klaasen,,,,,,True,,,
4163,7035428232014974213,2021-11-27T20:34:45,12,US,478100,1881,969,3200000,She only knew the other audio ğŸ˜‚ @nikkikissler,False,,joeyklaasen,Joey Klaasen,,,,,,True,,,
4170,7033998321370926341,2021-11-24T00:06:00,9,US,139800,118,1058,1400000,,False,,joeyklaasen,Joey Klaasen,,,,,,True,,,
4177,7032033863153110277,2021-11-18T17:02:52,10,US,199200,826,407,1400000,You can stay forever ğŸ¥º @nikkikissler,False,,joeyklaasen,Joey Klaasen,,,,,,True,,,
4184,7032013808713338118,2021-11-18T15:45:02,7,US,45300,75,87,816700,Rejected ğŸ˜­ @nikkikissler,False,,joeyklaasen,Joey Klaasen,,,,,,True,,,
4191,7030945371752860934,2021-11-15T18:38:57,18,US,2700000,17100,13500,22700000,Posted this with @nikkikissler just over a year ago. I just wanted to say I appreciate the love you all have shown us all this time ğŸ¥ºğŸ–¤,False,,joeyklaasen,Joey Klaasen,,,,,,True,,,
4198,7025003207449431302,2021-10-30T19:20:19,13,US,27200,47,60,478900,Smh Vanellope von Schweetz got sass ğŸ¥ºğŸ˜­ @nikkikissler #halloween #wreckitralph,False,,joeyklaasen,Joey Klaasen,,,,,,True,,,
4205,7015119709771238662,2021-10-04T04:07:22,38,US,3100000,3484,2820,19900000,strangers react to BAD magic tricks <3,False,,seandoesmagic,Seany,,,,,,True,,,
4214,7009017505557630214,2021-09-17T17:27:38,40,US,5700000,6734,5663,41000000,,False,,seandoesmagic,Seany,,,,,,True,,,
4223,6814591912075431174,2020-04-11T18:57:03,10,US,5800000,24700,16600,51300000,Thereâ€™s no difference ğŸ˜ğŸ˜‚ @jonklaasen @elyssajoy_,False,,joeyklaasen,Joey Klaasen,,,,,,True,,,
4231,6783794952003489030,2020-01-19T18:09:08,10,US,14500000,80500,19500,127200000,Got my parents so good with this shaving prank ğŸ˜ğŸ˜‚ #trend #comedy #prank,False,,joeyklaasen,Joey Klaasen,,,,,,True,,,
4238,6773718033224436998,2019-12-23T14:25:31,39,US,4300000,28200,10100,25400000,Extreme Beatbox Challenge! Worst punishment by far ğŸ˜­ğŸ¤¯ğŸ”¥ @spencerx #beatbox #trend #comedy,False,,joeyklaasen,Joey Klaasen,,,,,,True,,,
4246,50456394264477696,2016-01-09T15:47:36,12,,1713,1,2,4751,((: â¤ï¸ #dance #throwback #feature ,False,,maiaofficial,M A I A ğŸ˜,,,,,,True,,,
4255,49371780221521920,2016-01-06T15:57:44,0,,965,2,1,3800,Part 2 :)) â¤ï¸ #tb #dance,False,,maiaofficial,M A I A ğŸ˜,,,,,,True,,,
4264,49371556979707904,2016-01-06T15:56:51,14,,725,0,0,3086,Part 1 :)) â¤ï¸ #tb #dance,False,,maiaofficial,M A I A ğŸ˜,,,,,,True,,,
4273,48264929232859136,2016-01-03T14:39:30,10,,1745,1,25,4092,Tag @musical.ly in the comments and I'll follow back and might spam â¤ï¸â˜ºï¸ Follow him ! @ramyavior ,False,,maiaofficial,M A I A ğŸ˜,,,,,,True,,,
4282,48256615530930176,2016-01-03T14:06:28,14,,1163,1,1,2717,"I was to tired , don't judge ğŸ˜©ğŸ˜‡ #dance",False,,maiaofficial,M A I A ğŸ˜,,,,,,True,,,
4291,37115168429182976,2015-12-03T20:14:20,14,,1800,1,1,3592,Repost ğŸ™„ğŸ˜š Comment below !,False,,maiaofficial,M A I A ğŸ˜,,,,,,True,,,
4300,165835704,2015-11-26T17:42:29,14,,2072,0,3,2063,ğŸ’–ğŸ˜Š #throwback #middle #dance,False,,maiaofficial,M A I A ğŸ˜,,,,,,True,,,
4309,165277398,2015-11-26T15:04:30,14,,1715,0,6,1570,I get to into it yooo . ğŸ˜‚ğŸ˜­ #dance,False,,maiaofficial,M A I A ğŸ˜,,,,,,True,,,
4318,164895343,2015-11-26T13:21:51,4,,4258,1,17,7183,ğŸ˜° #Tb #splitswitch #dance #splits ,False,,maiaofficial,M A I A ğŸ˜,,,,,,True,,,
4327,156676864,2015-11-23T17:53:09,14,,1733,0,2,1394,My girls ğŸ˜‡ğŸ’– #dance #doitlikemechallenge #imback ,False,,maiaofficial,M A I A ğŸ˜,,,,,,True,,,
4336,156676666,2015-11-23T17:53:03,4,,1414,0,0,1107,A quick one ğŸ˜°ğŸ’™ #dance #doitlikemechallenge,False,,maiaofficial,M A I A ğŸ˜,,,,,,True,,,
4345,138099191,2015-11-15T05:51:58,7,,3293,0,11,4891,"Kik : mleslie88 , let me know what you think?  #dance #tb #splits",False,,maiaofficial,M A I A ğŸ˜,,,,,,True,,,
4354,129426156,2015-11-10T19:03:21,0,,1374,0,3,706,ğŸ˜ˆ #dance #doitlikemechallenge,False,,maiaofficial,M A I A ğŸ˜,,,,,,True,,,
4363,127228150,2015-11-09T00:18:06,14,,2519,0,2,614,I'm such a boy ğŸ˜‚ğŸ˜­(Sarcasm) #dance ,False,,maiaofficial,M A I A ğŸ˜,,,,,,True,,,
4372,127192167,2015-11-08T23:31:03,0,,2013,0,9,589,Talking this page down ... Too many haters ğŸ‘‹ğŸ»ğŸ™„ #dance,False,,maiaofficial,M A I A ğŸ˜,,,,,,True,,,
4381,125945377,2015-11-08T13:48:11,14,,2519,0,11,555,ğŸŒšğŸ’– #dance #throwback #oldtomenewtoyou,False,,maiaofficial,M A I A ğŸ˜,,,,,,True,,,
4390,125926782,2015-11-08T13:40:41,14,,2153,0,9,549,ğŸ™ƒğŸ™ƒ #throwback #dance ,False,,maiaofficial,M A I A ğŸ˜,,,,,,True,,,
4399,124311346,2015-11-07T17:41:56,14,,2822,0,8,1810,I'm back ! ğŸ’–ğŸ™ƒ #dance #ballet #pointe ,False,,maiaofficial,M A I A ğŸ˜,,,,,,True,,,
4408,85994616,2015-10-13T16:31:54,14,,2888,0,16,1417,Happy birthday to me ğŸ˜Šâ¤ï¸ğŸ˜‚ #birthdaygirl #loveyou ,False,,maiaofficial,M A I A ğŸ˜,,,,,,True,,,
4417,68951138,2015-09-30T18:26:19,5,,1635,0,3,371,Video shoot â¤ï¸ ,False,,maiaofficial,M A I A ğŸ˜,,,,,,True,,,
