,Username,country
0,charlidamelio,us
1,bellapoarch,us
2,addisonre,us
3,willsmith,us
4,zachking,us
5,tiktok,us
6,dixiedamelio,us
7,jasonderulo,us
8,spencerx,us
9,lorengray,us
10,justmaiko,us
11,kyliejenner,us
12,brentrivera,us
13,itsjojosiwa,us
14,selenagomez,us
15,avani,us
16,joealbanese,us
17,jamescharles,us
18,dobretwins,us
19,babyariel,us
20,wigofellas,us
21,qpark,us
22,noahbeck,us
23,stokestwins,us
24,lizzza,us
25,kirakosarin,us
26,savv.labrant,us
27,flighthouse,us
28,arianagrande,us
29,larrayeeee,us
30,daviddobrik,us
31,donaldducc,us
32,lexibrookerivera,us
33,jacobsartorius,us
34,imkevinhart,us
35,rosssmith,us
36,topperguild,us
37,tonylopez,us
38,kingbach,us
39,hannahstocking,us
40,camilo,us
41,ondreazlopez,us
42,lelepons,us
43,kodyantle,us
44,jasoncoffee,us
45,marshmellomusic,us
46,jiffpom,us
47,laurengodwin,us
48,justinbieber,us
49,mackenzieziegler,us
50,itsnastynaz,us
51,thehypehouse,us
52,brycehall,us
53,foodies,us
54,rominagafur,us
55,daniellecohn,us
56,miakhalifa,us
57,thesupercole,us
58,itstaylerholder,us
59,willywonkatiktok,us
60,joeyklaasen,us
61,zoelaverne,us
62,daniel.labelle,us
63,cashbaker,us
64,seandoesmagic,us
65,camerondallas,us
66,partyshirt,us
67,heresyourmonkeycontent,us
68,lance210,us
69,noahschnapp,us
70,jonklaasen,us
71,marcusolin,us
72,officialsalicerose,us
73,thecardguy,us
74,karolg,us
75,loganpaul,us
76,keemokazi,us
77,overtime,us
78,mrbeast,us
79,dameliofamilyofficial,us
80,derkslurp,us
81,siennamae,us
82,nessaabarrett,us
83,austinsprinz,us
84,rebeccazamolo,us
85,malutrevejo,us
86,brookemonk_,us
87,jaykindafunny8,us
88,lizzo,us
89,nickandsienna,us
90,madi,us
91,sand.tagious,us
92,alexwaarren,us
93,espn,us
94,yoeslan,us
95,madisonbeer,us
96,marimariamakeup,us
97,demibagby,us
98,payton,us
99,sherinicolee,us
0,wolderm,uk
1,chantelit,uk
2,rozierol,uk
3,jusiejoler,uk
4,miniwalkerrr,uk
0,leaelui,fr
1,neymarjr,fr
2,psg,fr
3,tiboinshape,fr
4,berywambeatbox,fr
5,akamztwenty20,fr
6,seanfreestyle,fr
7,krimsow_off,fr
8,destinopositivo,fr
9,benoit_chevalier,fr
10,lenna.vivas,fr
11,rose.thr,fr
12,cyrilschr,fr
13,riadhlevrai,fr
14,justinemaarc,fr
15,michou_yt,fr
16,crazijow,fr
17,camille_la_danseuse,fr
18,jujufitcats,fr
19,capuche_man,fr
20,simon.nogueira,fr
21,aanxfly,fr
22,pasmala24,fr
23,funny.vse,fr
24,booshra.mamad,fr
25,noholito,fr
26,davidguetta,fr
27,marco_stella_,fr
28,wejdene.bk,fr
29,le20veineux,fr
30,adele_tsy,fr
31,enzotaistoi,fr
32,ninaishou,fr
33,celia_7721,fr
34,maevaa.ghennam,fr
35,harutlio,fr
36,france....vs....usa1,fr
37,elise_cm,fr
38,chefclub,fr
39,minecraft_noon,fr
40,juniortvine,fr
41,redhajr,fr
42,adorfamilly,fr
43,kevinachutegui,fr
44,mikamyd,fr
45,batzair,fr
46,sundyjules,fr
47,yoannafreestyle,fr
48,marvinlaqueen,fr
49,fabiancrfx,fr
50,joycaledelire,fr
51,ilonaaln,fr
52,squeezie,fr
53,wasupitsraf,fr
54,marylouleloup,fr
55,inoxtag,fr
56,déjanté,fr
57,loukaki24,fr
58,yeuxvert,fr
59,sewphy,fr
60,axelwino,fr
61,habituetoi,fr
62,nourhene,fr
63,stephfou7,fr
64,latino_for_life,fr
65,meryl.bie,fr
66,keenvsurtiktok,fr
67,yanntufanes,fr
68,lenatamburini,fr
69,iam.moana,fr
70,simba.qs,fr
71,vincentnadal,fr
72,ricardoalexalex,fr
73,matt.brt,fr
74,matdeuh,fr
75,danaebessin29,fr
76,mademoisellegloria,fr
77,levraibouseuhh,fr
78,fab_pch,fr
79,abdelfaitsastar,fr
80,kiara.amt,fr
81,gala.fr,fr
82,lisalautner,fr
83,chakibcurtis,fr
84,tentsun.jr,fr
85,iamjoaskills,fr
86,lythancottaz,fr
87,william_.e,fr
88,_ssneak_,fr
89,kwyseur,fr
90,raphaelcurron,fr
91,laury.aucalme,fr
92,mariannesb,fr
93,lenasituations,fr
94,loufitlove,fr
95,le.producteur,fr
96,daetienne,fr
97,safir,fr
98,epsylonetattoo,fr
99,___narcos___,fr
0,riyaz.14,in
1,mr_faisu_07,in
2,_arishfakhan_,in
3,nishaguragain,in
4,awezdarbar,in
5,tiktok_india,in
6,sameeksha_sud,in
7,piyanka_mongia,in
8,avneetkaur_13,in
9,cutybeautykhan,in
10,gima_ashi,in
11,theshilpashetty,in
12,oye_indori,in
13,khushi.punjaban,in
14,luckydancer5454,in
15,nehakakkar,in
16,surajpalsingh964,in
17,vishalpandey_21,in
18,aashikabhatia,in
19,abrazkhan91,in
20,riteishd,in
21,hasnaink07,in
22,bhavin_333,in
23,nagmaa,in
24,somya.daundkar30,in
25,mohak.narang,in
26,angelrai07,in
27,commandofitnessclub,in
28,manjullll,in
29,ayushyadav7100,in
30,vishnupriya__14,in
31,jacquelinef_143,in
32,deepakjoshi.102,in
33,bhartifrozen,in
34,adnaan07,in
35,_saloniyaapa,in
36,krishhhhnna,in
37,beingshadabkhan,in
38,sanakhan301,in
39,wish_rathod,in
40,sunny_kalra55,in
41,yashitank,in
42,faizbaloch_0725,in
43,armaan_malik9,in
44,irfan_sy10,in
45,sunnychopra,in
46,gauravarora_5,in
47,themermaidscale,in
48,mridulmadhok,in
49,littlegloves,in
50,deepikapilli,in
51,sohail_d,in
52,divyaupadhyay96,in
53,jaiswal_mukesh,in
54,pj_3132,in
55,nishabhattofficial,in
56,rohit1209_,in
57,bhanu1006,in
58,rugeesvini__,in
59,mr_malikofficial,in
60,yusufbmx,in
61,smiley_vats01,in
62,afshanrooh,in
63,oyeitsprank,in
64,anjimaxuofficially,in
65,surabhisamriddhi,in
66,hajiali.agariya62,in
67,vivekkeshari1,in
68,rizxtarr,in
69,surbhiirathore3,in
70,awalcreations,in
71,mdmotivation164,in
72,jumana_khan_,in
73,ashima.chaudhary24,in
74,thegreatkhali8,in
75,shivangijoshi11,in
76,deepikasingh1501,in
77,imkavy,in
78,siddharthnigam13,in
79,ur_smartmaker,in
80,funbucketbhargav,in
81,_shrikrish,in
82,anammidarbar,in
83,rjkevar,in
84,mihirgupta2,in
85,ginni1717,in
86,urvashirautela,in
87,sanu.shaikh0786,in
88,nita_shilimkar,in
89,ankit_dancer01,in
90,jazzahmed_,in
91,danishzehen,in
92,mr_avi_1,in
93,saddu07dz_,in
94,rashikhairwar,in
95,deepesh_zo,in
96,i_am_aishakashyap,in
97,arhanansari456,in
98,gururandhawa,in
99,razika_abaan,in
0,larissamanoela,br
1,tirullipa,br
2,whinderssonnunes,br
3,virginiafonseca,br
4,yasminartdrawing,br
5,maisa,br
6,lucasranngel,br
7,brunabarbieoficial,br
8,gkay,br
9,luara,br
10,rkalimann,br
11,felipeneto,br
12,anitta,br
13,simoneses,br
14,viihtube,br
15,peixinh0,br
16,luisasonza,br
17,thattyferreira,br
18,alok,br
19,larasilvan,br
20,leticiapedro,br
21,ingridohara,br
22,juliapuzzuoli,br
23,luismariz,br
24,lkzinhu,br
25,camilaloures,br
26,gabriella_saraivah,br
27,lucianodvs,br
28,pkllipe,br
29,nicolelouise,br
30,mcmirellaoficial,br
31,vivi,br
32,victoriamatosao,br
33,didiferente,br
34,raissachaddad,br
35,loud_coringa,br
36,ujoaozinho,br
37,camillarocha,br
38,portiolli,br
39,brunoberti,br
40,ludmilla,br
41,enaldinho,br
42,ananda,br
43,v1ctorian0,br
44,isaiaslvas,br
45,leticiafgomes,br
46,dynho_alves,br
47,tatizaqui,br
48,tiktokbrasil,br
49,carol.bresolin,br
50,euwatson,br
51,pabllovittar,br
52,dinosonso_ofc,br
53,bibitatto,br
54,kevinho,br
55,j3ipy_,br
56,loud_thaiga,br
57,dudareisb,br
58,claragnds,br
59,mada_e_bica,br
60,bypamellaa,br
61,luizaparente,br
62,euwillou,br
63,gabimartinscantora,br
64,victormelosm,br
65,zefelipecantor,br
66,santosrafaelblog,br
67,vittorfernando,br
68,matheuskriwat,br
69,gudan_ohusky,br
70,originalkellykey,br
71,leoleomorais,br
72,carlinhosmaiaof,br
73,lisabarcelox,br
74,mateuspain,br
75,phillipys,br
76,jess.bonfioli,br
77,waltermoraes_,br
78,jujumfranco,br
79,jojotodynho,br
80,mha_oficial,br
81,dudinhaarrudaa2,br
82,rezende,br
83,fernandaconcon,br
84,nobrutv,br
85,loud_voltan,br
86,flaviapavanelli,br
87,bel4fernandes,br
88,marinaruybarbosa,br
89,mirelajanis,br
90,emillyvickof,br
91,eimaryy_s,br
92,gustavorocha,br
93,biajordao,br
94,isadorapompeo,br
95,francinyehlke,br
96,sabrinasato,br
97,rafaeluccman,br
98,lexaoficial,br
99,eibrunagomes,br
0,troyallen,cn
1,ethandolan,cn
2,yhboys组合,cn
3,janezhang,cn
4,angel_singh_202003,cn
5,吴亦凡kriswu,cn
6,doloreffect,cn
7,muse中国,cn
8,muse攻略,cn
9,英短蓝猫爸比,cn
10,30552177257,cn
11,31405094633,cn
12,30797754721,cn
13,30940567609,cn
14,30605219017,cn
15,31108464889,cn
16,ashleysmashlaay,cn
17,30734733105,cn
18,thedreadbombshell,cn
19,r_ukia,cn
20,vainglorygalaxy,cn
21,31412707577,cn
22,31349204041,cn
23,rodelarose7,cn
24,30797765609,cn
25,arianagrande142,cn
26,pinkpinkaday,cn
27,30932179009,cn
28,yanyiqinfeng,cn
29,muse美少女,cn
30,muse美少年,cn
31,2183357281,cn
32,2154948077,cn
33,兰幼金,cn
34,kaka2,cn
35,tomcruise2,cn
36,30613266249,cn
37,king_kay__,cn
38,30734743817,cn
39,30734752881,cn
40,2154947976,cn
41,tomholland1996,cn
42,2180129067,cn
43,mike3,cn
44,chairmancat,cn
45,小鱼,cn
46,30416729177,cn
47,31966335841,cn
48,31328847561,cn
49,cazrennoc,cn
50,rayatmsavage,cn
51,jmbcanine,cn
52,30500018569,cn
53,vangor0304,cn
54,userl2c4qflekc,cn
55,2153731525,cn
56,2153732006,cn
57,ιοκ_,cn
58,maiaofficial,cn
59,31022740314,cn
60,funny_goe,cn
61,2154948746,cn
62,badgyalcam,cn
63,30825416218,cn
64,zhangxinya1998,cn
65,mrq强先生,cn
66,30659423121,cn
67,70800017,cn
68,thebarbersson,cn
69,30600112385,cn
70,tiktok.southafrica,cn
71,30605305689,cn
72,ryanupchurch,cn
73,30712277337,cn
74,30796498001,cn
75,31281602521,cn
76,31153580082,cn
77,30926808385,cn
78,31309914721,cn
79,31313548377,cn
80,2181114081,cn
81,paloma,cn
82,2173119366,cn
83,seoyoun_cake,cn
84,31859854737,cn
85,ychina,cn
86,jolin_cai,cn
87,wearethedavises,cn
88,30734738473,cn
89,32733327418,cn
90,malumaoficial,cn
91,30659270697,cn
92,30734747689,cn
93,user315442630802,cn
94,30514067825,cn
95,给我酸奶芝士,cn
96,justkidding_lah,cn
97,31313771545,cn
98,30927218209,cn
99,30659390657,cn
0,gadjirazaq,sn
1,abba_no_stress1,sn
2,speedysrx,sn
3,rafetdjikho78,sn
4,bilou__on,sn
5,fallu_etsesvideos,sn
6,jaawketchup21,sn
7,viviane_chidid_officiel,sn
8,aitoush_n,sn
9,singomcomedien,sn
10,taphiilemusicien97,sn
11,racky_sow,sn
12,soumbouloubathily,sn
13,fatel_soow,sn
14,bkmusalihou3,sn
15,ndeye_ndiaye.2,sn
16,djkheucha,sn
17,doudouadjanumber1,sn
18,babzo44,sn
19,charminbella,sn
20,rasmyadebohajjar,sn
21,yaawarasoull,sn
22,yesnidouce,sn
23,kitanadancer,sn
24,senegalaise_tik_tok,sn
25,khadijacisse,sn
26,big_maman.93,sn
27,chocodjadja,sn
28,kewe_madior_dior,sn
29,simpetin_,sn
30,veilitshop,sn
31,lenagueye28,sn
32,diariatou00,sn
33,gora.leye,sn
34,anciencomptedespeedy,sn
35,linguerefallsss01,sn
36,ljri5,sn
37,sidy_diop,sn
38,barbieseck,sn
39,les.senegalaises,sn
40,ritahora95,sn
41,lafagneviplofficiel,sn
42,adjiamakeup,sn
43,maremaniang4,sn
44,abanaturelle,sn
45,mkdmami19,sn
46,design.pilot,sn
47,alianachou,sn
48,papesidyfall89,sn
49,seydina66,sn
50,matzoofficiel4,sn
51,les_jumeaux_lo,sn
52,mass_et_ses_amis,sn
53,madior_officiel,sn
54,thioukhou55,sn
55,loly9765,sn
56,mamykebe00,sn
57,sarramy9350,sn
58,omg_oumy_gueye,sn
59,noshitaa,sn
60,nashim_officiel,sn
61,binetouthiam01,sn
62,audeanselm,sn
63,miss_seynaboutoure,sn
64,khoss_sassy,sn
65,aiichandaw,sn
66,matysmith,sn
67,vivianechidid_officiel,sn
68,mandoumbe_lofficiel,sn
69,lesmaabo,sn
70,mamymbaye20,sn
71,evitadiena,sn
72,leuzz_vision1,sn
73,matymbayelofficielle,sn
74,korka01,sn
75,leuzshop,sn
76,elpreeziindiaye,sn
77,_dark_chocolatee_,sn
78,adjifaa1,sn
79,lenathomas24,sn
80,momolecameleon94,sn
81,dudufaitdesvideos,sn
82,mboupfatma,sn
83,maritoudiop,sn
84,lecterfro,sn
85,juanitojonasjo,sn
86,bayemodoukane0,sn
87,neymarlevrai10,sn
88,gracegrace9212,sn
89,tiktok_sunugal,sn
90,tiktok_galsen,sn
91,bouba_deumbaw_officiel,sn
92,senegalplus,sn
93,baye_modou_hlm5,sn
94,tiktok_foot,sn
95,diarrysowsow,sn
96,weezy9999,sn
97,ladivadiouz123,sn
98,remsha15,sn
99,guiguid1997,sn
