video_id,video_timestamp,video_duration,video_locationcreated,video_diggcount,video_sharecount,video_commentcount,video_playcount,video_description,video_is_ad,video_stickers,author_username,author_name,author_followercount,author_followingcount,author_heartcount,author_videocount,author_diggcount,author_verified,poi_name,poi_address,poi_city
7400014406278532357,2024-08-06T09:15:25,22,SN,55900,263,298,909200,RÃ©ponse Ã  @Lamine SARR @sokhna ndour @feemu fii ak feneen @NDEYE NDIAYE JUNIOR â™¥ï¸ğŸ­ğŸ¬ @DioumarÃ© Ndiaye â™¥ï¸ @badiene.international,False,,ndeye_ndiaye.2,Ndeye NdiayeğŸ‡¸ğŸ‡³ğŸ¬,,,,,,False,,,
7399622444107025669,2024-08-05T07:54:21,16,SN,20600,127,219,304800,@sokhna ndour @feemu fii ak feneen @NDEYE NDIAYE JUNIOR â™¥ï¸ğŸ­ğŸ¬ @DioumarÃ© Ndiaye â™¥ï¸ @badiene.international @love.ndeye.ndiaye @Bassine Thiam bÃ©tÃ© bÃ©tÃ©ğŸ“¹ğŸ‡¸ğŸ‡³ ,False,,ndeye_ndiaye.2,Ndeye NdiayeğŸ‡¸ğŸ‡³ğŸ¬,,,,,,False,,,
7398961061346462982,2024-08-03T13:07:50,9,SN,133000,283,922,1600000,@sokhna ndour @feemu fii ak feneen @NDEYE NDIAYE JUNIOR â™¥ï¸ğŸ­ğŸ¬ @DioumarÃ© Ndiaye â™¥ï¸ @badiene.international ,False,,ndeye_ndiaye.2,Ndeye NdiayeğŸ‡¸ğŸ‡³ğŸ¬,,,,,,False,,,
7398305517161975045,2024-08-01T18:43:59,20,SN,25900,55,146,264200,@sokhna ndour @feemu fii ak feneen @NDEYE NDIAYE JUNIOR â™¥ï¸ğŸ­ğŸ¬ @DioumarÃ© Ndiaye â™¥ï¸ @badiene.international ,False,,ndeye_ndiaye.2,Ndeye NdiayeğŸ‡¸ğŸ‡³ğŸ¬,,,,,,False,,,
7385987878830001413,2024-06-29T14:05:15,12,SN,26800,86,145,367800,@sokhna ndour @feemu fii ak feneen @NDEYE NDIAYE JUNIOR â™¥ï¸ğŸ­ğŸ¬ @Cleub/Ndeye /ndiaye rekk @PauğŸ¯Ã‰bÃ¨ne ğŸ¤ğŸ¯ @DioumarÃ© Ndiaye â™¥ï¸ @badiene.international ,False,,ndeye_ndiaye.2,Ndeye NdiayeğŸ‡¸ğŸ‡³ğŸ¬,,,,,,False,,,
7381987499951934725,2024-06-18T19:21:46,14,SN,2062,12,14,59800,@feemu fii ak feneen @sokhna ndour @NDEYE NDIAYE JUNIOR â™¥ï¸ğŸ­ğŸ¬ @love.ndeye.ndiaye ,False,,ndeye_ndiaye.2,Ndeye NdiayeğŸ‡¸ğŸ‡³ğŸ¬,,,,,,False,,,
7371466856412220677,2024-05-21T10:56:17,11,SN,29500,64,201,296800,@feemu fii ak feneen @sokhna ndour @NDEYE NDIAYE JUNIOR â™¥ï¸ğŸ­ğŸ¬ @Ndeye/ndiaye/fans. @PauğŸ¯Ã‰bÃ¨ne ğŸ¤ğŸ¯ @Tamsir mbowâœ¨ ,False,,ndeye_ndiaye.2,Ndeye NdiayeğŸ‡¸ğŸ‡³ğŸ¬,,,,,,False,,,
7400014406278532357,2024-08-06T09:15:25,22,SN,55900,263,298,909200,RÃ©ponse Ã  @Lamine SARR @sokhna ndour @feemu fii ak feneen @NDEYE NDIAYE JUNIOR â™¥ï¸ğŸ­ğŸ¬ @DioumarÃ© Ndiaye â™¥ï¸ @badiene.international,False,,ndeye_ndiaye.2,Ndeye NdiayeğŸ‡¸ğŸ‡³ğŸ¬,,,,,,False,,,
7399622444107025669,2024-08-05T07:54:21,16,SN,20600,127,219,304800,@sokhna ndour @feemu fii ak feneen @NDEYE NDIAYE JUNIOR â™¥ï¸ğŸ­ğŸ¬ @DioumarÃ© Ndiaye â™¥ï¸ @badiene.international @love.ndeye.ndiaye @Bassine Thiam bÃ©tÃ© bÃ©tÃ©ğŸ“¹ğŸ‡¸ğŸ‡³ ,False,,ndeye_ndiaye.2,Ndeye NdiayeğŸ‡¸ğŸ‡³ğŸ¬,,,,,,False,,,
7398961061346462982,2024-08-03T13:07:50,9,SN,133000,283,922,1600000,@sokhna ndour @feemu fii ak feneen @NDEYE NDIAYE JUNIOR â™¥ï¸ğŸ­ğŸ¬ @DioumarÃ© Ndiaye â™¥ï¸ @badiene.international ,False,,ndeye_ndiaye.2,Ndeye NdiayeğŸ‡¸ğŸ‡³ğŸ¬,,,,,,False,,,
7398305517161975045,2024-08-01T18:43:59,20,SN,25900,55,146,264200,@sokhna ndour @feemu fii ak feneen @NDEYE NDIAYE JUNIOR â™¥ï¸ğŸ­ğŸ¬ @DioumarÃ© Ndiaye â™¥ï¸ @badiene.international ,False,,ndeye_ndiaye.2,Ndeye NdiayeğŸ‡¸ğŸ‡³ğŸ¬,,,,,,False,,,
7385987878830001413,2024-06-29T14:05:15,12,SN,26800,86,145,367800,@sokhna ndour @feemu fii ak feneen @NDEYE NDIAYE JUNIOR â™¥ï¸ğŸ­ğŸ¬ @Cleub/Ndeye /ndiaye rekk @PauğŸ¯Ã‰bÃ¨ne ğŸ¤ğŸ¯ @DioumarÃ© Ndiaye â™¥ï¸ @badiene.international ,False,,ndeye_ndiaye.2,Ndeye NdiayeğŸ‡¸ğŸ‡³ğŸ¬,,,,,,False,,,
7381987499951934725,2024-06-18T19:21:46,14,SN,2062,12,14,59800,@feemu fii ak feneen @sokhna ndour @NDEYE NDIAYE JUNIOR â™¥ï¸ğŸ­ğŸ¬ @love.ndeye.ndiaye ,False,,ndeye_ndiaye.2,Ndeye NdiayeğŸ‡¸ğŸ‡³ğŸ¬,,,,,,False,,,
7371466856412220677,2024-05-21T10:56:17,11,SN,29500,64,201,296800,@feemu fii ak feneen @sokhna ndour @NDEYE NDIAYE JUNIOR â™¥ï¸ğŸ­ğŸ¬ @Ndeye/ndiaye/fans. @PauğŸ¯Ã‰bÃ¨ne ğŸ¤ğŸ¯ @Tamsir mbowâœ¨ ,False,,ndeye_ndiaye.2,Ndeye NdiayeğŸ‡¸ğŸ‡³ğŸ¬,,,,,,False,,,
7400014406278532357,2024-08-06T09:15:25,22,SN,55900,263,298,909200,RÃ©ponse Ã  @Lamine SARR @sokhna ndour @feemu fii ak feneen @NDEYE NDIAYE JUNIOR â™¥ï¸ğŸ­ğŸ¬ @DioumarÃ© Ndiaye â™¥ï¸ @badiene.international,False,,ndeye_ndiaye.2,Ndeye NdiayeğŸ‡¸ğŸ‡³ğŸ¬,,,,,,False,,,
7399622444107025669,2024-08-05T07:54:21,16,SN,20600,127,219,304800,@sokhna ndour @feemu fii ak feneen @NDEYE NDIAYE JUNIOR â™¥ï¸ğŸ­ğŸ¬ @DioumarÃ© Ndiaye â™¥ï¸ @badiene.international @love.ndeye.ndiaye @Bassine Thiam bÃ©tÃ© bÃ©tÃ©ğŸ“¹ğŸ‡¸ğŸ‡³ ,False,,ndeye_ndiaye.2,Ndeye NdiayeğŸ‡¸ğŸ‡³ğŸ¬,,,,,,False,,,
7398961061346462982,2024-08-03T13:07:50,9,SN,133000,283,922,1600000,@sokhna ndour @feemu fii ak feneen @NDEYE NDIAYE JUNIOR â™¥ï¸ğŸ­ğŸ¬ @DioumarÃ© Ndiaye â™¥ï¸ @badiene.international ,False,,ndeye_ndiaye.2,Ndeye NdiayeğŸ‡¸ğŸ‡³ğŸ¬,,,,,,False,,,
7398305517161975045,2024-08-01T18:43:59,20,SN,25900,55,146,264200,@sokhna ndour @feemu fii ak feneen @NDEYE NDIAYE JUNIOR â™¥ï¸ğŸ­ğŸ¬ @DioumarÃ© Ndiaye â™¥ï¸ @badiene.international ,False,,ndeye_ndiaye.2,Ndeye NdiayeğŸ‡¸ğŸ‡³ğŸ¬,,,,,,False,,,
7385987878830001413,2024-06-29T14:05:15,12,SN,26800,86,145,367800,@sokhna ndour @feemu fii ak feneen @NDEYE NDIAYE JUNIOR â™¥ï¸ğŸ­ğŸ¬ @Cleub/Ndeye /ndiaye rekk @PauğŸ¯Ã‰bÃ¨ne ğŸ¤ğŸ¯ @DioumarÃ© Ndiaye â™¥ï¸ @badiene.international ,False,,ndeye_ndiaye.2,Ndeye NdiayeğŸ‡¸ğŸ‡³ğŸ¬,,,,,,False,,,
7381987499951934725,2024-06-18T19:21:46,14,SN,2062,12,14,59800,@feemu fii ak feneen @sokhna ndour @NDEYE NDIAYE JUNIOR â™¥ï¸ğŸ­ğŸ¬ @love.ndeye.ndiaye ,False,,ndeye_ndiaye.2,Ndeye NdiayeğŸ‡¸ğŸ‡³ğŸ¬,,,,,,False,,,
7371466856412220677,2024-05-21T10:56:17,11,SN,29500,64,201,296800,@feemu fii ak feneen @sokhna ndour @NDEYE NDIAYE JUNIOR â™¥ï¸ğŸ­ğŸ¬ @Ndeye/ndiaye/fans. @PauğŸ¯Ã‰bÃ¨ne ğŸ¤ğŸ¯ @Tamsir mbowâœ¨ ,False,,ndeye_ndiaye.2,Ndeye NdiayeğŸ‡¸ğŸ‡³ğŸ¬,,,,,,False,,,
7400014406278532357,2024-08-06T09:15:25,22,SN,55900,263,298,909200,RÃ©ponse Ã  @Lamine SARR @sokhna ndour @feemu fii ak feneen @NDEYE NDIAYE JUNIOR â™¥ï¸ğŸ­ğŸ¬ @DioumarÃ© Ndiaye â™¥ï¸ @badiene.international,False,,ndeye_ndiaye.2,Ndeye NdiayeğŸ‡¸ğŸ‡³ğŸ¬,,,,,,False,,,
7399622444107025669,2024-08-05T07:54:21,16,SN,20600,127,219,304800,@sokhna ndour @feemu fii ak feneen @NDEYE NDIAYE JUNIOR â™¥ï¸ğŸ­ğŸ¬ @DioumarÃ© Ndiaye â™¥ï¸ @badiene.international @love.ndeye.ndiaye @Bassine Thiam bÃ©tÃ© bÃ©tÃ©ğŸ“¹ğŸ‡¸ğŸ‡³ ,False,,ndeye_ndiaye.2,Ndeye NdiayeğŸ‡¸ğŸ‡³ğŸ¬,,,,,,False,,,
7398961061346462982,2024-08-03T13:07:50,9,SN,133000,283,922,1600000,@sokhna ndour @feemu fii ak feneen @NDEYE NDIAYE JUNIOR â™¥ï¸ğŸ­ğŸ¬ @DioumarÃ© Ndiaye â™¥ï¸ @badiene.international ,False,,ndeye_ndiaye.2,Ndeye NdiayeğŸ‡¸ğŸ‡³ğŸ¬,,,,,,False,,,
7398305517161975045,2024-08-01T18:43:59,20,SN,25900,55,146,264200,@sokhna ndour @feemu fii ak feneen @NDEYE NDIAYE JUNIOR â™¥ï¸ğŸ­ğŸ¬ @DioumarÃ© Ndiaye â™¥ï¸ @badiene.international ,False,,ndeye_ndiaye.2,Ndeye NdiayeğŸ‡¸ğŸ‡³ğŸ¬,,,,,,False,,,
7385987878830001413,2024-06-29T14:05:15,12,SN,26800,86,145,367800,@sokhna ndour @feemu fii ak feneen @NDEYE NDIAYE JUNIOR â™¥ï¸ğŸ­ğŸ¬ @Cleub/Ndeye /ndiaye rekk @PauğŸ¯Ã‰bÃ¨ne ğŸ¤ğŸ¯ @DioumarÃ© Ndiaye â™¥ï¸ @badiene.international ,False,,ndeye_ndiaye.2,Ndeye NdiayeğŸ‡¸ğŸ‡³ğŸ¬,,,,,,False,,,
7381987499951934725,2024-06-18T19:21:46,14,SN,2062,12,14,59800,@feemu fii ak feneen @sokhna ndour @NDEYE NDIAYE JUNIOR â™¥ï¸ğŸ­ğŸ¬ @love.ndeye.ndiaye ,False,,ndeye_ndiaye.2,Ndeye NdiayeğŸ‡¸ğŸ‡³ğŸ¬,,,,,,False,,,
7371466856412220677,2024-05-21T10:56:17,11,SN,29500,64,201,296800,@feemu fii ak feneen @sokhna ndour @NDEYE NDIAYE JUNIOR â™¥ï¸ğŸ­ğŸ¬ @Ndeye/ndiaye/fans. @PauğŸ¯Ã‰bÃ¨ne ğŸ¤ğŸ¯ @Tamsir mbowâœ¨ ,False,,ndeye_ndiaye.2,Ndeye NdiayeğŸ‡¸ğŸ‡³ğŸ¬,,,,,,False,,,
7400014406278532357,2024-08-06T09:15:25,22,SN,55900,263,298,909300,RÃ©ponse Ã  @Lamine SARR @sokhna ndour @feemu fii ak feneen @NDEYE NDIAYE JUNIOR â™¥ï¸ğŸ­ğŸ¬ @DioumarÃ© Ndiaye â™¥ï¸ @badiene.international,False,,ndeye_ndiaye.2,Ndeye NdiayeğŸ‡¸ğŸ‡³ğŸ¬,,,,,,False,,,
7399622444107025669,2024-08-05T07:54:21,16,SN,20600,127,219,304800,@sokhna ndour @feemu fii ak feneen @NDEYE NDIAYE JUNIOR â™¥ï¸ğŸ­ğŸ¬ @DioumarÃ© Ndiaye â™¥ï¸ @badiene.international @love.ndeye.ndiaye @Bassine Thiam bÃ©tÃ© bÃ©tÃ©ğŸ“¹ğŸ‡¸ğŸ‡³ ,False,,ndeye_ndiaye.2,Ndeye NdiayeğŸ‡¸ğŸ‡³ğŸ¬,,,,,,False,,,
7398961061346462982,2024-08-03T13:07:50,9,SN,133000,283,922,1600000,@sokhna ndour @feemu fii ak feneen @NDEYE NDIAYE JUNIOR â™¥ï¸ğŸ­ğŸ¬ @DioumarÃ© Ndiaye â™¥ï¸ @badiene.international ,False,,ndeye_ndiaye.2,Ndeye NdiayeğŸ‡¸ğŸ‡³ğŸ¬,,,,,,False,,,
7398305517161975045,2024-08-01T18:43:59,20,SN,25900,55,146,264200,@sokhna ndour @feemu fii ak feneen @NDEYE NDIAYE JUNIOR â™¥ï¸ğŸ­ğŸ¬ @DioumarÃ© Ndiaye â™¥ï¸ @badiene.international ,False,,ndeye_ndiaye.2,Ndeye NdiayeğŸ‡¸ğŸ‡³ğŸ¬,,,,,,False,,,
7385987878830001413,2024-06-29T14:05:15,12,SN,26800,86,145,367800,@sokhna ndour @feemu fii ak feneen @NDEYE NDIAYE JUNIOR â™¥ï¸ğŸ­ğŸ¬ @Cleub/Ndeye /ndiaye rekk @PauğŸ¯Ã‰bÃ¨ne ğŸ¤ğŸ¯ @DioumarÃ© Ndiaye â™¥ï¸ @badiene.international ,False,,ndeye_ndiaye.2,Ndeye NdiayeğŸ‡¸ğŸ‡³ğŸ¬,,,,,,False,,,
7381987499951934725,2024-06-18T19:21:46,14,SN,2062,12,14,59800,@feemu fii ak feneen @sokhna ndour @NDEYE NDIAYE JUNIOR â™¥ï¸ğŸ­ğŸ¬ @love.ndeye.ndiaye ,False,,ndeye_ndiaye.2,Ndeye NdiayeğŸ‡¸ğŸ‡³ğŸ¬,,,,,,False,,,
7371466856412220677,2024-05-21T10:56:17,11,SN,29500,64,201,296800,@feemu fii ak feneen @sokhna ndour @NDEYE NDIAYE JUNIOR â™¥ï¸ğŸ­ğŸ¬ @Ndeye/ndiaye/fans. @PauğŸ¯Ã‰bÃ¨ne ğŸ¤ğŸ¯ @Tamsir mbowâœ¨ ,False,,ndeye_ndiaye.2,Ndeye NdiayeğŸ‡¸ğŸ‡³ğŸ¬,,,,,,False,,,
7400014406278532357,2024-08-06T09:15:25,22,SN,55900,263,298,909300,RÃ©ponse Ã  @Lamine SARR @sokhna ndour @feemu fii ak feneen @NDEYE NDIAYE JUNIOR â™¥ï¸ğŸ­ğŸ¬ @DioumarÃ© Ndiaye â™¥ï¸ @badiene.international,False,,ndeye_ndiaye.2,Ndeye NdiayeğŸ‡¸ğŸ‡³ğŸ¬,,,,,,False,,,
7399622444107025669,2024-08-05T07:54:21,16,SN,20600,127,219,304800,@sokhna ndour @feemu fii ak feneen @NDEYE NDIAYE JUNIOR â™¥ï¸ğŸ­ğŸ¬ @DioumarÃ© Ndiaye â™¥ï¸ @badiene.international @love.ndeye.ndiaye @Bassine Thiam bÃ©tÃ© bÃ©tÃ©ğŸ“¹ğŸ‡¸ğŸ‡³ ,False,,ndeye_ndiaye.2,Ndeye NdiayeğŸ‡¸ğŸ‡³ğŸ¬,,,,,,False,,,
7398961061346462982,2024-08-03T13:07:50,9,SN,133000,283,922,1600000,@sokhna ndour @feemu fii ak feneen @NDEYE NDIAYE JUNIOR â™¥ï¸ğŸ­ğŸ¬ @DioumarÃ© Ndiaye â™¥ï¸ @badiene.international ,False,,ndeye_ndiaye.2,Ndeye NdiayeğŸ‡¸ğŸ‡³ğŸ¬,,,,,,False,,,
7398305517161975045,2024-08-01T18:43:59,20,SN,25900,55,146,264200,@sokhna ndour @feemu fii ak feneen @NDEYE NDIAYE JUNIOR â™¥ï¸ğŸ­ğŸ¬ @DioumarÃ© Ndiaye â™¥ï¸ @badiene.international ,False,,ndeye_ndiaye.2,Ndeye NdiayeğŸ‡¸ğŸ‡³ğŸ¬,,,,,,False,,,
7385987878830001413,2024-06-29T14:05:15,12,SN,26800,86,145,368000,@sokhna ndour @feemu fii ak feneen @NDEYE NDIAYE JUNIOR â™¥ï¸ğŸ­ğŸ¬ @Cleub/Ndeye /ndiaye rekk @PauğŸ¯Ã‰bÃ¨ne ğŸ¤ğŸ¯ @DioumarÃ© Ndiaye â™¥ï¸ @badiene.international ,False,,ndeye_ndiaye.2,Ndeye NdiayeğŸ‡¸ğŸ‡³ğŸ¬,,,,,,False,,,
7381987499951934725,2024-06-18T19:21:46,14,SN,2062,12,14,59800,@feemu fii ak feneen @sokhna ndour @NDEYE NDIAYE JUNIOR â™¥ï¸ğŸ­ğŸ¬ @love.ndeye.ndiaye ,False,,ndeye_ndiaye.2,Ndeye NdiayeğŸ‡¸ğŸ‡³ğŸ¬,,,,,,False,,,
7371466856412220677,2024-05-21T10:56:17,11,SN,29500,64,201,296800,@feemu fii ak feneen @sokhna ndour @NDEYE NDIAYE JUNIOR â™¥ï¸ğŸ­ğŸ¬ @Ndeye/ndiaye/fans. @PauğŸ¯Ã‰bÃ¨ne ğŸ¤ğŸ¯ @Tamsir mbowâœ¨ ,False,,ndeye_ndiaye.2,Ndeye NdiayeğŸ‡¸ğŸ‡³ğŸ¬,,,,,,False,,,
7400014406278532357,2024-08-06T09:15:25,22,SN,55900,263,298,909300,RÃ©ponse Ã  @Lamine SARR @sokhna ndour @feemu fii ak feneen @NDEYE NDIAYE JUNIOR â™¥ï¸ğŸ­ğŸ¬ @DioumarÃ© Ndiaye â™¥ï¸ @badiene.international,False,,ndeye_ndiaye.2,Ndeye NdiayeğŸ‡¸ğŸ‡³ğŸ¬,,,,,,False,,,
7399622444107025669,2024-08-05T07:54:21,16,SN,20600,127,219,304800,@sokhna ndour @feemu fii ak feneen @NDEYE NDIAYE JUNIOR â™¥ï¸ğŸ­ğŸ¬ @DioumarÃ© Ndiaye â™¥ï¸ @badiene.international @love.ndeye.ndiaye @Bassine Thiam bÃ©tÃ© bÃ©tÃ©ğŸ“¹ğŸ‡¸ğŸ‡³ ,False,,ndeye_ndiaye.2,Ndeye NdiayeğŸ‡¸ğŸ‡³ğŸ¬,,,,,,False,,,
7398961061346462982,2024-08-03T13:07:50,9,SN,133000,283,922,1600000,@sokhna ndour @feemu fii ak feneen @NDEYE NDIAYE JUNIOR â™¥ï¸ğŸ­ğŸ¬ @DioumarÃ© Ndiaye â™¥ï¸ @badiene.international ,False,,ndeye_ndiaye.2,Ndeye NdiayeğŸ‡¸ğŸ‡³ğŸ¬,,,,,,False,,,
7398305517161975045,2024-08-01T18:43:59,20,SN,25900,55,146,264200,@sokhna ndour @feemu fii ak feneen @NDEYE NDIAYE JUNIOR â™¥ï¸ğŸ­ğŸ¬ @DioumarÃ© Ndiaye â™¥ï¸ @badiene.international ,False,,ndeye_ndiaye.2,Ndeye NdiayeğŸ‡¸ğŸ‡³ğŸ¬,,,,,,False,,,
7385987878830001413,2024-06-29T14:05:15,12,SN,26800,86,145,368000,@sokhna ndour @feemu fii ak feneen @NDEYE NDIAYE JUNIOR â™¥ï¸ğŸ­ğŸ¬ @Cleub/Ndeye /ndiaye rekk @PauğŸ¯Ã‰bÃ¨ne ğŸ¤ğŸ¯ @DioumarÃ© Ndiaye â™¥ï¸ @badiene.international ,False,,ndeye_ndiaye.2,Ndeye NdiayeğŸ‡¸ğŸ‡³ğŸ¬,,,,,,False,,,
7381987499951934725,2024-06-18T19:21:46,14,SN,2062,12,14,59800,@feemu fii ak feneen @sokhna ndour @NDEYE NDIAYE JUNIOR â™¥ï¸ğŸ­ğŸ¬ @love.ndeye.ndiaye ,False,,ndeye_ndiaye.2,Ndeye NdiayeğŸ‡¸ğŸ‡³ğŸ¬,,,,,,False,,,
7371466856412220677,2024-05-21T10:56:17,11,SN,29500,64,201,296800,@feemu fii ak feneen @sokhna ndour @NDEYE NDIAYE JUNIOR â™¥ï¸ğŸ­ğŸ¬ @Ndeye/ndiaye/fans. @PauğŸ¯Ã‰bÃ¨ne ğŸ¤ğŸ¯ @Tamsir mbowâœ¨ ,False,,ndeye_ndiaye.2,Ndeye NdiayeğŸ‡¸ğŸ‡³ğŸ¬,,,,,,False,,,
7400014406278532357,2024-08-06T09:15:25,22,SN,55900,263,298,909300,RÃ©ponse Ã  @Lamine SARR @sokhna ndour @feemu fii ak feneen @NDEYE NDIAYE JUNIOR â™¥ï¸ğŸ­ğŸ¬ @DioumarÃ© Ndiaye â™¥ï¸ @badiene.international,False,,ndeye_ndiaye.2,Ndeye NdiayeğŸ‡¸ğŸ‡³ğŸ¬,,,,,,False,,,
7399622444107025669,2024-08-05T07:54:21,16,SN,20600,127,219,304800,@sokhna ndour @feemu fii ak feneen @NDEYE NDIAYE JUNIOR â™¥ï¸ğŸ­ğŸ¬ @DioumarÃ© Ndiaye â™¥ï¸ @badiene.international @love.ndeye.ndiaye @Bassine Thiam bÃ©tÃ© bÃ©tÃ©ğŸ“¹ğŸ‡¸ğŸ‡³ ,False,,ndeye_ndiaye.2,Ndeye NdiayeğŸ‡¸ğŸ‡³ğŸ¬,,,,,,False,,,
7398961061346462982,2024-08-03T13:07:50,9,SN,133000,283,922,1600000,@sokhna ndour @feemu fii ak feneen @NDEYE NDIAYE JUNIOR â™¥ï¸ğŸ­ğŸ¬ @DioumarÃ© Ndiaye â™¥ï¸ @badiene.international ,False,,ndeye_ndiaye.2,Ndeye NdiayeğŸ‡¸ğŸ‡³ğŸ¬,,,,,,False,,,
7398305517161975045,2024-08-01T18:43:59,20,SN,25900,55,146,264200,@sokhna ndour @feemu fii ak feneen @NDEYE NDIAYE JUNIOR â™¥ï¸ğŸ­ğŸ¬ @DioumarÃ© Ndiaye â™¥ï¸ @badiene.international ,False,,ndeye_ndiaye.2,Ndeye NdiayeğŸ‡¸ğŸ‡³ğŸ¬,,,,,,False,,,
7385987878830001413,2024-06-29T14:05:15,12,SN,26800,86,145,368000,@sokhna ndour @feemu fii ak feneen @NDEYE NDIAYE JUNIOR â™¥ï¸ğŸ­ğŸ¬ @Cleub/Ndeye /ndiaye rekk @PauğŸ¯Ã‰bÃ¨ne ğŸ¤ğŸ¯ @DioumarÃ© Ndiaye â™¥ï¸ @badiene.international ,False,,ndeye_ndiaye.2,Ndeye NdiayeğŸ‡¸ğŸ‡³ğŸ¬,,,,,,False,,,
7381987499951934725,2024-06-18T19:21:46,14,SN,2062,12,14,59800,@feemu fii ak feneen @sokhna ndour @NDEYE NDIAYE JUNIOR â™¥ï¸ğŸ­ğŸ¬ @love.ndeye.ndiaye ,False,,ndeye_ndiaye.2,Ndeye NdiayeğŸ‡¸ğŸ‡³ğŸ¬,,,,,,False,,,
7371466856412220677,2024-05-21T10:56:17,11,SN,29500,64,201,296800,@feemu fii ak feneen @sokhna ndour @NDEYE NDIAYE JUNIOR â™¥ï¸ğŸ­ğŸ¬ @Ndeye/ndiaye/fans. @PauğŸ¯Ã‰bÃ¨ne ğŸ¤ğŸ¯ @Tamsir mbowâœ¨ ,False,,ndeye_ndiaye.2,Ndeye NdiayeğŸ‡¸ğŸ‡³ğŸ¬,,,,,,False,,,
7400014406278532357,2024-08-06T09:15:25,22,SN,55900,263,298,909300,RÃ©ponse Ã  @Lamine SARR @sokhna ndour @feemu fii ak feneen @NDEYE NDIAYE JUNIOR â™¥ï¸ğŸ­ğŸ¬ @DioumarÃ© Ndiaye â™¥ï¸ @badiene.international,False,,ndeye_ndiaye.2,Ndeye NdiayeğŸ‡¸ğŸ‡³ğŸ¬,,,,,,False,,,
7399622444107025669,2024-08-05T07:54:21,16,SN,20600,127,219,304800,@sokhna ndour @feemu fii ak feneen @NDEYE NDIAYE JUNIOR â™¥ï¸ğŸ­ğŸ¬ @DioumarÃ© Ndiaye â™¥ï¸ @badiene.international @love.ndeye.ndiaye @Bassine Thiam bÃ©tÃ© bÃ©tÃ©ğŸ“¹ğŸ‡¸ğŸ‡³ ,False,,ndeye_ndiaye.2,Ndeye NdiayeğŸ‡¸ğŸ‡³ğŸ¬,,,,,,False,,,
7398961061346462982,2024-08-03T13:07:50,9,SN,133000,283,922,1600000,@sokhna ndour @feemu fii ak feneen @NDEYE NDIAYE JUNIOR â™¥ï¸ğŸ­ğŸ¬ @DioumarÃ© Ndiaye â™¥ï¸ @badiene.international ,False,,ndeye_ndiaye.2,Ndeye NdiayeğŸ‡¸ğŸ‡³ğŸ¬,,,,,,False,,,
7398305517161975045,2024-08-01T18:43:59,20,SN,25900,55,146,264200,@sokhna ndour @feemu fii ak feneen @NDEYE NDIAYE JUNIOR â™¥ï¸ğŸ­ğŸ¬ @DioumarÃ© Ndiaye â™¥ï¸ @badiene.international ,False,,ndeye_ndiaye.2,Ndeye NdiayeğŸ‡¸ğŸ‡³ğŸ¬,,,,,,False,,,
7385987878830001413,2024-06-29T14:05:15,12,SN,26800,86,145,368000,@sokhna ndour @feemu fii ak feneen @NDEYE NDIAYE JUNIOR â™¥ï¸ğŸ­ğŸ¬ @Cleub/Ndeye /ndiaye rekk @PauğŸ¯Ã‰bÃ¨ne ğŸ¤ğŸ¯ @DioumarÃ© Ndiaye â™¥ï¸ @badiene.international ,False,,ndeye_ndiaye.2,Ndeye NdiayeğŸ‡¸ğŸ‡³ğŸ¬,,,,,,False,,,
7381987499951934725,2024-06-18T19:21:46,14,SN,2062,12,14,59800,@feemu fii ak feneen @sokhna ndour @NDEYE NDIAYE JUNIOR â™¥ï¸ğŸ­ğŸ¬ @love.ndeye.ndiaye ,False,,ndeye_ndiaye.2,Ndeye NdiayeğŸ‡¸ğŸ‡³ğŸ¬,,,,,,False,,,
7371466856412220677,2024-05-21T10:56:17,11,SN,29500,64,201,296800,@feemu fii ak feneen @sokhna ndour @NDEYE NDIAYE JUNIOR â™¥ï¸ğŸ­ğŸ¬ @Ndeye/ndiaye/fans. @PauğŸ¯Ã‰bÃ¨ne ğŸ¤ğŸ¯ @Tamsir mbowâœ¨ ,False,,ndeye_ndiaye.2,Ndeye NdiayeğŸ‡¸ğŸ‡³ğŸ¬,,,,,,False,,,
7400014406278532357,2024-08-06T09:15:25,22,SN,55900,263,298,909300,RÃ©ponse Ã  @Lamine SARR @sokhna ndour @feemu fii ak feneen @NDEYE NDIAYE JUNIOR â™¥ï¸ğŸ­ğŸ¬ @DioumarÃ© Ndiaye â™¥ï¸ @badiene.international,False,,ndeye_ndiaye.2,Ndeye NdiayeğŸ‡¸ğŸ‡³ğŸ¬,,,,,,False,,,
7399622444107025669,2024-08-05T07:54:21,16,SN,20600,127,219,304800,@sokhna ndour @feemu fii ak feneen @NDEYE NDIAYE JUNIOR â™¥ï¸ğŸ­ğŸ¬ @DioumarÃ© Ndiaye â™¥ï¸ @badiene.international @love.ndeye.ndiaye @Bassine Thiam bÃ©tÃ© bÃ©tÃ©ğŸ“¹ğŸ‡¸ğŸ‡³ ,False,,ndeye_ndiaye.2,Ndeye NdiayeğŸ‡¸ğŸ‡³ğŸ¬,,,,,,False,,,
7398961061346462982,2024-08-03T13:07:50,9,SN,133000,283,922,1600000,@sokhna ndour @feemu fii ak feneen @NDEYE NDIAYE JUNIOR â™¥ï¸ğŸ­ğŸ¬ @DioumarÃ© Ndiaye â™¥ï¸ @badiene.international ,False,,ndeye_ndiaye.2,Ndeye NdiayeğŸ‡¸ğŸ‡³ğŸ¬,,,,,,False,,,
7400014406278532357,2024-08-06T09:15:25,22,SN,55900,263,298,909300,RÃ©ponse Ã  @Lamine SARR @sokhna ndour @feemu fii ak feneen @NDEYE NDIAYE JUNIOR â™¥ï¸ğŸ­ğŸ¬ @DioumarÃ© Ndiaye â™¥ï¸ @badiene.international,False,,ndeye_ndiaye.2,Ndeye NdiayeğŸ‡¸ğŸ‡³ğŸ¬,,,,,,False,,,
7399622444107025669,2024-08-05T07:54:21,16,SN,20600,127,219,304800,@sokhna ndour @feemu fii ak feneen @NDEYE NDIAYE JUNIOR â™¥ï¸ğŸ­ğŸ¬ @DioumarÃ© Ndiaye â™¥ï¸ @badiene.international @love.ndeye.ndiaye @Bassine Thiam bÃ©tÃ© bÃ©tÃ©ğŸ“¹ğŸ‡¸ğŸ‡³ ,False,,ndeye_ndiaye.2,Ndeye NdiayeğŸ‡¸ğŸ‡³ğŸ¬,,,,,,False,,,
7398961061346462982,2024-08-03T13:07:50,9,SN,133000,283,922,1600000,@sokhna ndour @feemu fii ak feneen @NDEYE NDIAYE JUNIOR â™¥ï¸ğŸ­ğŸ¬ @DioumarÃ© Ndiaye â™¥ï¸ @badiene.international ,False,,ndeye_ndiaye.2,Ndeye NdiayeğŸ‡¸ğŸ‡³ğŸ¬,,,,,,False,,,
7398305517161975045,2024-08-01T18:43:59,20,SN,25900,55,146,264200,@sokhna ndour @feemu fii ak feneen @NDEYE NDIAYE JUNIOR â™¥ï¸ğŸ­ğŸ¬ @DioumarÃ© Ndiaye â™¥ï¸ @badiene.international ,False,,ndeye_ndiaye.2,Ndeye NdiayeğŸ‡¸ğŸ‡³ğŸ¬,,,,,,False,,,
7385987878830001413,2024-06-29T14:05:15,12,SN,26800,86,145,368000,@sokhna ndour @feemu fii ak feneen @NDEYE NDIAYE JUNIOR â™¥ï¸ğŸ­ğŸ¬ @Cleub/Ndeye /ndiaye rekk @PauğŸ¯Ã‰bÃ¨ne ğŸ¤ğŸ¯ @DioumarÃ© Ndiaye â™¥ï¸ @badiene.international ,False,,ndeye_ndiaye.2,Ndeye NdiayeğŸ‡¸ğŸ‡³ğŸ¬,,,,,,False,,,
7381987499951934725,2024-06-18T19:21:46,14,SN,2062,12,14,59800,@feemu fii ak feneen @sokhna ndour @NDEYE NDIAYE JUNIOR â™¥ï¸ğŸ­ğŸ¬ @love.ndeye.ndiaye ,False,,ndeye_ndiaye.2,Ndeye NdiayeğŸ‡¸ğŸ‡³ğŸ¬,,,,,,False,,,
7371466856412220677,2024-05-21T10:56:17,11,SN,29500,64,201,296800,@feemu fii ak feneen @sokhna ndour @NDEYE NDIAYE JUNIOR â™¥ï¸ğŸ­ğŸ¬ @Ndeye/ndiaye/fans. @PauğŸ¯Ã‰bÃ¨ne ğŸ¤ğŸ¯ @Tamsir mbowâœ¨ ,False,,ndeye_ndiaye.2,Ndeye NdiayeğŸ‡¸ğŸ‡³ğŸ¬,,,,,,False,,,
7400014406278532357,2024-08-06T09:15:25,22,SN,55900,263,298,909300,RÃ©ponse Ã  @Lamine SARR @sokhna ndour @feemu fii ak feneen @NDEYE NDIAYE JUNIOR â™¥ï¸ğŸ­ğŸ¬ @DioumarÃ© Ndiaye â™¥ï¸ @badiene.international,False,,ndeye_ndiaye.2,Ndeye NdiayeğŸ‡¸ğŸ‡³ğŸ¬,,,,,,False,,,
7399622444107025669,2024-08-05T07:54:21,16,SN,20600,127,219,304800,@sokhna ndour @feemu fii ak feneen @NDEYE NDIAYE JUNIOR â™¥ï¸ğŸ­ğŸ¬ @DioumarÃ© Ndiaye â™¥ï¸ @badiene.international @love.ndeye.ndiaye @Bassine Thiam bÃ©tÃ© bÃ©tÃ©ğŸ“¹ğŸ‡¸ğŸ‡³ ,False,,ndeye_ndiaye.2,Ndeye NdiayeğŸ‡¸ğŸ‡³ğŸ¬,,,,,,False,,,
7398961061346462982,2024-08-03T13:07:50,9,SN,133000,283,922,1600000,@sokhna ndour @feemu fii ak feneen @NDEYE NDIAYE JUNIOR â™¥ï¸ğŸ­ğŸ¬ @DioumarÃ© Ndiaye â™¥ï¸ @badiene.international ,False,,ndeye_ndiaye.2,Ndeye NdiayeğŸ‡¸ğŸ‡³ğŸ¬,,,,,,False,,,
7398305517161975045,2024-08-01T18:43:59,20,SN,25900,55,146,264200,@sokhna ndour @feemu fii ak feneen @NDEYE NDIAYE JUNIOR â™¥ï¸ğŸ­ğŸ¬ @DioumarÃ© Ndiaye â™¥ï¸ @badiene.international ,False,,ndeye_ndiaye.2,Ndeye NdiayeğŸ‡¸ğŸ‡³ğŸ¬,,,,,,False,,,
7385987878830001413,2024-06-29T14:05:15,12,SN,26800,86,145,368000,@sokhna ndour @feemu fii ak feneen @NDEYE NDIAYE JUNIOR â™¥ï¸ğŸ­ğŸ¬ @Cleub/Ndeye /ndiaye rekk @PauğŸ¯Ã‰bÃ¨ne ğŸ¤ğŸ¯ @DioumarÃ© Ndiaye â™¥ï¸ @badiene.international ,False,,ndeye_ndiaye.2,Ndeye NdiayeğŸ‡¸ğŸ‡³ğŸ¬,,,,,,False,,,
7381987499951934725,2024-06-18T19:21:46,14,SN,2062,12,14,59800,@feemu fii ak feneen @sokhna ndour @NDEYE NDIAYE JUNIOR â™¥ï¸ğŸ­ğŸ¬ @love.ndeye.ndiaye ,False,,ndeye_ndiaye.2,Ndeye NdiayeğŸ‡¸ğŸ‡³ğŸ¬,,,,,,False,,,
7371466856412220677,2024-05-21T10:56:17,11,SN,29500,64,201,296800,@feemu fii ak feneen @sokhna ndour @NDEYE NDIAYE JUNIOR â™¥ï¸ğŸ­ğŸ¬ @Ndeye/ndiaye/fans. @PauğŸ¯Ã‰bÃ¨ne ğŸ¤ğŸ¯ @Tamsir mbowâœ¨ ,False,,ndeye_ndiaye.2,Ndeye NdiayeğŸ‡¸ğŸ‡³ğŸ¬,,,,,,False,,,
7400014406278532357,2024-08-06T09:15:25,22,SN,55900,263,298,909300,RÃ©ponse Ã  @Lamine SARR @sokhna ndour @feemu fii ak feneen @NDEYE NDIAYE JUNIOR â™¥ï¸ğŸ­ğŸ¬ @DioumarÃ© Ndiaye â™¥ï¸ @badiene.international,False,,ndeye_ndiaye.2,Ndeye NdiayeğŸ‡¸ğŸ‡³ğŸ¬,,,,,,False,,,
7399622444107025669,2024-08-05T07:54:21,16,SN,20600,127,219,304800,@sokhna ndour @feemu fii ak feneen @NDEYE NDIAYE JUNIOR â™¥ï¸ğŸ­ğŸ¬ @DioumarÃ© Ndiaye â™¥ï¸ @badiene.international @love.ndeye.ndiaye @Bassine Thiam bÃ©tÃ© bÃ©tÃ©ğŸ“¹ğŸ‡¸ğŸ‡³ ,False,,ndeye_ndiaye.2,Ndeye NdiayeğŸ‡¸ğŸ‡³ğŸ¬,,,,,,False,,,
7398961061346462982,2024-08-03T13:07:50,9,SN,133000,283,922,1600000,@sokhna ndour @feemu fii ak feneen @NDEYE NDIAYE JUNIOR â™¥ï¸ğŸ­ğŸ¬ @DioumarÃ© Ndiaye â™¥ï¸ @badiene.international ,False,,ndeye_ndiaye.2,Ndeye NdiayeğŸ‡¸ğŸ‡³ğŸ¬,,,,,,False,,,
7398305517161975045,2024-08-01T18:43:59,20,SN,25900,55,146,264200,@sokhna ndour @feemu fii ak feneen @NDEYE NDIAYE JUNIOR â™¥ï¸ğŸ­ğŸ¬ @DioumarÃ© Ndiaye â™¥ï¸ @badiene.international ,False,,ndeye_ndiaye.2,Ndeye NdiayeğŸ‡¸ğŸ‡³ğŸ¬,,,,,,False,,,
7385987878830001413,2024-06-29T14:05:15,12,SN,26800,86,145,368000,@sokhna ndour @feemu fii ak feneen @NDEYE NDIAYE JUNIOR â™¥ï¸ğŸ­ğŸ¬ @Cleub/Ndeye /ndiaye rekk @PauğŸ¯Ã‰bÃ¨ne ğŸ¤ğŸ¯ @DioumarÃ© Ndiaye â™¥ï¸ @badiene.international ,False,,ndeye_ndiaye.2,Ndeye NdiayeğŸ‡¸ğŸ‡³ğŸ¬,,,,,,False,,,
7381987499951934725,2024-06-18T19:21:46,14,SN,2062,12,14,59800,@feemu fii ak feneen @sokhna ndour @NDEYE NDIAYE JUNIOR â™¥ï¸ğŸ­ğŸ¬ @love.ndeye.ndiaye ,False,,ndeye_ndiaye.2,Ndeye NdiayeğŸ‡¸ğŸ‡³ğŸ¬,,,,,,False,,,
7371466856412220677,2024-05-21T10:56:17,11,SN,29500,64,201,296800,@feemu fii ak feneen @sokhna ndour @NDEYE NDIAYE JUNIOR â™¥ï¸ğŸ­ğŸ¬ @Ndeye/ndiaye/fans. @PauğŸ¯Ã‰bÃ¨ne ğŸ¤ğŸ¯ @Tamsir mbowâœ¨ ,False,,ndeye_ndiaye.2,Ndeye NdiayeğŸ‡¸ğŸ‡³ğŸ¬,,,,,,False,,,
7400014406278532357,2024-08-06T09:15:25,22,SN,55900,263,298,909300,RÃ©ponse Ã  @Lamine SARR @sokhna ndour @feemu fii ak feneen @NDEYE NDIAYE JUNIOR â™¥ï¸ğŸ­ğŸ¬ @DioumarÃ© Ndiaye â™¥ï¸ @badiene.international,False,,ndeye_ndiaye.2,Ndeye NdiayeğŸ‡¸ğŸ‡³ğŸ¬,,,,,,False,,,
7399622444107025669,2024-08-05T07:54:21,16,SN,20600,127,219,304800,@sokhna ndour @feemu fii ak feneen @NDEYE NDIAYE JUNIOR â™¥ï¸ğŸ­ğŸ¬ @DioumarÃ© Ndiaye â™¥ï¸ @badiene.international @love.ndeye.ndiaye @Bassine Thiam bÃ©tÃ© bÃ©tÃ©ğŸ“¹ğŸ‡¸ğŸ‡³ ,False,,ndeye_ndiaye.2,Ndeye NdiayeğŸ‡¸ğŸ‡³ğŸ¬,,,,,,False,,,
7398961061346462982,2024-08-03T13:07:50,9,SN,133000,283,922,1600000,@sokhna ndour @feemu fii ak feneen @NDEYE NDIAYE JUNIOR â™¥ï¸ğŸ­ğŸ¬ @DioumarÃ© Ndiaye â™¥ï¸ @badiene.international ,False,,ndeye_ndiaye.2,Ndeye NdiayeğŸ‡¸ğŸ‡³ğŸ¬,,,,,,False,,,
7398305517161975045,2024-08-01T18:43:59,20,SN,25900,55,146,264200,@sokhna ndour @feemu fii ak feneen @NDEYE NDIAYE JUNIOR â™¥ï¸ğŸ­ğŸ¬ @DioumarÃ© Ndiaye â™¥ï¸ @badiene.international ,False,,ndeye_ndiaye.2,Ndeye NdiayeğŸ‡¸ğŸ‡³ğŸ¬,,,,,,False,,,
7385987878830001413,2024-06-29T14:05:15,12,SN,26800,86,145,368000,@sokhna ndour @feemu fii ak feneen @NDEYE NDIAYE JUNIOR â™¥ï¸ğŸ­ğŸ¬ @Cleub/Ndeye /ndiaye rekk @PauğŸ¯Ã‰bÃ¨ne ğŸ¤ğŸ¯ @DioumarÃ© Ndiaye â™¥ï¸ @badiene.international ,False,,ndeye_ndiaye.2,Ndeye NdiayeğŸ‡¸ğŸ‡³ğŸ¬,,,,,,False,,,
7381987499951934725,2024-06-18T19:21:46,14,SN,2062,12,14,59800,@feemu fii ak feneen @sokhna ndour @NDEYE NDIAYE JUNIOR â™¥ï¸ğŸ­ğŸ¬ @love.ndeye.ndiaye ,False,,ndeye_ndiaye.2,Ndeye NdiayeğŸ‡¸ğŸ‡³ğŸ¬,,,,,,False,,,
7371466856412220677,2024-05-21T10:56:17,11,SN,29500,64,201,296800,@feemu fii ak feneen @sokhna ndour @NDEYE NDIAYE JUNIOR â™¥ï¸ğŸ­ğŸ¬ @Ndeye/ndiaye/fans. @PauğŸ¯Ã‰bÃ¨ne ğŸ¤ğŸ¯ @Tamsir mbowâœ¨ ,False,,ndeye_ndiaye.2,Ndeye NdiayeğŸ‡¸ğŸ‡³ğŸ¬,,,,,,False,,,
7400014406278532357,2024-08-06T09:15:25,22,SN,55900,263,298,909300,RÃ©ponse Ã  @Lamine SARR @sokhna ndour @feemu fii ak feneen @NDEYE NDIAYE JUNIOR â™¥ï¸ğŸ­ğŸ¬ @DioumarÃ© Ndiaye â™¥ï¸ @badiene.international,False,,ndeye_ndiaye.2,Ndeye NdiayeğŸ‡¸ğŸ‡³ğŸ¬,,,,,,False,,,
7399622444107025669,2024-08-05T07:54:21,16,SN,20600,127,219,304800,@sokhna ndour @feemu fii ak feneen @NDEYE NDIAYE JUNIOR â™¥ï¸ğŸ­ğŸ¬ @DioumarÃ© Ndiaye â™¥ï¸ @badiene.international @love.ndeye.ndiaye @Bassine Thiam bÃ©tÃ© bÃ©tÃ©ğŸ“¹ğŸ‡¸ğŸ‡³ ,False,,ndeye_ndiaye.2,Ndeye NdiayeğŸ‡¸ğŸ‡³ğŸ¬,,,,,,False,,,
7398961061346462982,2024-08-03T13:07:50,9,SN,133000,283,922,1600000,@sokhna ndour @feemu fii ak feneen @NDEYE NDIAYE JUNIOR â™¥ï¸ğŸ­ğŸ¬ @DioumarÃ© Ndiaye â™¥ï¸ @badiene.international ,False,,ndeye_ndiaye.2,Ndeye NdiayeğŸ‡¸ğŸ‡³ğŸ¬,,,,,,False,,,
7398305517161975045,2024-08-01T18:43:59,20,SN,25900,55,146,264200,@sokhna ndour @feemu fii ak feneen @NDEYE NDIAYE JUNIOR â™¥ï¸ğŸ­ğŸ¬ @DioumarÃ© Ndiaye â™¥ï¸ @badiene.international ,False,,ndeye_ndiaye.2,Ndeye NdiayeğŸ‡¸ğŸ‡³ğŸ¬,,,,,,False,,,
7385987878830001413,2024-06-29T14:05:15,12,SN,26800,86,145,368000,@sokhna ndour @feemu fii ak feneen @NDEYE NDIAYE JUNIOR â™¥ï¸ğŸ­ğŸ¬ @Cleub/Ndeye /ndiaye rekk @PauğŸ¯Ã‰bÃ¨ne ğŸ¤ğŸ¯ @DioumarÃ© Ndiaye â™¥ï¸ @badiene.international ,False,,ndeye_ndiaye.2,Ndeye NdiayeğŸ‡¸ğŸ‡³ğŸ¬,,,,,,False,,,
7381987499951934725,2024-06-18T19:21:46,14,SN,2062,12,14,59800,@feemu fii ak feneen @sokhna ndour @NDEYE NDIAYE JUNIOR â™¥ï¸ğŸ­ğŸ¬ @love.ndeye.ndiaye ,False,,ndeye_ndiaye.2,Ndeye NdiayeğŸ‡¸ğŸ‡³ğŸ¬,,,,,,False,,,
7371466856412220677,2024-05-21T10:56:17,11,SN,29500,64,201,296800,@feemu fii ak feneen @sokhna ndour @NDEYE NDIAYE JUNIOR â™¥ï¸ğŸ­ğŸ¬ @Ndeye/ndiaye/fans. @PauğŸ¯Ã‰bÃ¨ne ğŸ¤ğŸ¯ @Tamsir mbowâœ¨ ,False,,ndeye_ndiaye.2,Ndeye NdiayeğŸ‡¸ğŸ‡³ğŸ¬,,,,,,False,,,
7400014406278532357,2024-08-06T09:15:25,22,SN,55900,263,298,909600,RÃ©ponse Ã  @Lamine SARR @sokhna ndour @feemu fii ak feneen @NDEYE NDIAYE JUNIOR â™¥ï¸ğŸ­ğŸ¬ @DioumarÃ© Ndiaye â™¥ï¸ @badiene.international,False,,ndeye_ndiaye.2,Ndeye NdiayeğŸ‡¸ğŸ‡³ğŸ¬,,,,,,False,,,
7399622444107025669,2024-08-05T07:54:21,16,SN,20600,127,219,305000,@sokhna ndour @feemu fii ak feneen @NDEYE NDIAYE JUNIOR â™¥ï¸ğŸ­ğŸ¬ @DioumarÃ© Ndiaye â™¥ï¸ @badiene.international @love.ndeye.ndiaye @Bassine Thiam bÃ©tÃ© bÃ©tÃ©ğŸ“¹ğŸ‡¸ğŸ‡³ ,False,,ndeye_ndiaye.2,Ndeye NdiayeğŸ‡¸ğŸ‡³ğŸ¬,,,,,,False,,,
7398961061346462982,2024-08-03T13:07:50,9,SN,133000,283,922,1600000,@sokhna ndour @feemu fii ak feneen @NDEYE NDIAYE JUNIOR â™¥ï¸ğŸ­ğŸ¬ @DioumarÃ© Ndiaye â™¥ï¸ @badiene.international ,False,,ndeye_ndiaye.2,Ndeye NdiayeğŸ‡¸ğŸ‡³ğŸ¬,,,,,,False,,,
7398305517161975045,2024-08-01T18:43:59,20,SN,25900,55,146,264400,@sokhna ndour @feemu fii ak feneen @NDEYE NDIAYE JUNIOR â™¥ï¸ğŸ­ğŸ¬ @DioumarÃ© Ndiaye â™¥ï¸ @badiene.international ,False,,ndeye_ndiaye.2,Ndeye NdiayeğŸ‡¸ğŸ‡³ğŸ¬,,,,,,False,,,
7385987878830001413,2024-06-29T14:05:15,12,SN,26900,86,145,368800,@sokhna ndour @feemu fii ak feneen @NDEYE NDIAYE JUNIOR â™¥ï¸ğŸ­ğŸ¬ @Cleub/Ndeye /ndiaye rekk @PauğŸ¯Ã‰bÃ¨ne ğŸ¤ğŸ¯ @DioumarÃ© Ndiaye â™¥ï¸ @badiene.international ,False,,ndeye_ndiaye.2,Ndeye NdiayeğŸ‡¸ğŸ‡³ğŸ¬,,,,,,False,,,
7381987499951934725,2024-06-18T19:21:46,14,SN,2065,12,14,59800,@feemu fii ak feneen @sokhna ndour @NDEYE NDIAYE JUNIOR â™¥ï¸ğŸ­ğŸ¬ @love.ndeye.ndiaye ,False,,ndeye_ndiaye.2,Ndeye NdiayeğŸ‡¸ğŸ‡³ğŸ¬,,,,,,False,,,
7371466856412220677,2024-05-21T10:56:17,11,SN,29500,64,201,296800,@feemu fii ak feneen @sokhna ndour @NDEYE NDIAYE JUNIOR â™¥ï¸ğŸ­ğŸ¬ @Ndeye/ndiaye/fans. @PauğŸ¯Ã‰bÃ¨ne ğŸ¤ğŸ¯ @Tamsir mbowâœ¨ ,False,,ndeye_ndiaye.2,Ndeye NdiayeğŸ‡¸ğŸ‡³ğŸ¬,,,,,,False,,,
7400014406278532357,2024-08-06T09:15:25,22,SN,55900,263,298,909600,RÃ©ponse Ã  @Lamine SARR @sokhna ndour @feemu fii ak feneen @NDEYE NDIAYE JUNIOR â™¥ï¸ğŸ­ğŸ¬ @DioumarÃ© Ndiaye â™¥ï¸ @badiene.international,False,,ndeye_ndiaye.2,Ndeye NdiayeğŸ‡¸ğŸ‡³ğŸ¬,,,,,,False,,,
7399622444107025669,2024-08-05T07:54:21,16,SN,20600,127,219,305000,@sokhna ndour @feemu fii ak feneen @NDEYE NDIAYE JUNIOR â™¥ï¸ğŸ­ğŸ¬ @DioumarÃ© Ndiaye â™¥ï¸ @badiene.international @love.ndeye.ndiaye @Bassine Thiam bÃ©tÃ© bÃ©tÃ©ğŸ“¹ğŸ‡¸ğŸ‡³ ,False,,ndeye_ndiaye.2,Ndeye NdiayeğŸ‡¸ğŸ‡³ğŸ¬,,,,,,False,,,
7398961061346462982,2024-08-03T13:07:50,9,SN,133000,283,922,1600000,@sokhna ndour @feemu fii ak feneen @NDEYE NDIAYE JUNIOR â™¥ï¸ğŸ­ğŸ¬ @DioumarÃ© Ndiaye â™¥ï¸ @badiene.international ,False,,ndeye_ndiaye.2,Ndeye NdiayeğŸ‡¸ğŸ‡³ğŸ¬,,,,,,False,,,
7398305517161975045,2024-08-01T18:43:59,20,SN,25900,55,146,264400,@sokhna ndour @feemu fii ak feneen @NDEYE NDIAYE JUNIOR â™¥ï¸ğŸ­ğŸ¬ @DioumarÃ© Ndiaye â™¥ï¸ @badiene.international ,False,,ndeye_ndiaye.2,Ndeye NdiayeğŸ‡¸ğŸ‡³ğŸ¬,,,,,,False,,,
7385987878830001413,2024-06-29T14:05:15,12,SN,26900,86,145,368900,@sokhna ndour @feemu fii ak feneen @NDEYE NDIAYE JUNIOR â™¥ï¸ğŸ­ğŸ¬ @Cleub/Ndeye /ndiaye rekk @PauğŸ¯Ã‰bÃ¨ne ğŸ¤ğŸ¯ @DioumarÃ© Ndiaye â™¥ï¸ @badiene.international ,False,,ndeye_ndiaye.2,Ndeye NdiayeğŸ‡¸ğŸ‡³ğŸ¬,,,,,,False,,,
7381987499951934725,2024-06-18T19:21:46,14,SN,2065,12,14,59800,@feemu fii ak feneen @sokhna ndour @NDEYE NDIAYE JUNIOR â™¥ï¸ğŸ­ğŸ¬ @love.ndeye.ndiaye ,False,,ndeye_ndiaye.2,Ndeye NdiayeğŸ‡¸ğŸ‡³ğŸ¬,,,,,,False,,,
7371466856412220677,2024-05-21T10:56:17,11,SN,29500,64,201,296800,@feemu fii ak feneen @sokhna ndour @NDEYE NDIAYE JUNIOR â™¥ï¸ğŸ­ğŸ¬ @Ndeye/ndiaye/fans. @PauğŸ¯Ã‰bÃ¨ne ğŸ¤ğŸ¯ @Tamsir mbowâœ¨ ,False,,ndeye_ndiaye.2,Ndeye NdiayeğŸ‡¸ğŸ‡³ğŸ¬,,,,,,False,,,
7400014406278532357,2024-08-06T09:15:25,22,SN,55900,263,298,909600,RÃ©ponse Ã  @Lamine SARR @sokhna ndour @feemu fii ak feneen @NDEYE NDIAYE JUNIOR â™¥ï¸ğŸ­ğŸ¬ @DioumarÃ© Ndiaye â™¥ï¸ @badiene.international,False,,ndeye_ndiaye.2,Ndeye NdiayeğŸ‡¸ğŸ‡³ğŸ¬,,,,,,False,,,
7399622444107025669,2024-08-05T07:54:21,16,SN,20600,127,219,305100,@sokhna ndour @feemu fii ak feneen @NDEYE NDIAYE JUNIOR â™¥ï¸ğŸ­ğŸ¬ @DioumarÃ© Ndiaye â™¥ï¸ @badiene.international @love.ndeye.ndiaye @Bassine Thiam bÃ©tÃ© bÃ©tÃ©ğŸ“¹ğŸ‡¸ğŸ‡³ ,False,,ndeye_ndiaye.2,Ndeye NdiayeğŸ‡¸ğŸ‡³ğŸ¬,,,,,,False,,,
7398961061346462982,2024-08-03T13:07:50,9,SN,133000,283,922,1600000,@sokhna ndour @feemu fii ak feneen @NDEYE NDIAYE JUNIOR â™¥ï¸ğŸ­ğŸ¬ @DioumarÃ© Ndiaye â™¥ï¸ @badiene.international ,False,,ndeye_ndiaye.2,Ndeye NdiayeğŸ‡¸ğŸ‡³ğŸ¬,,,,,,False,,,
7398305517161975045,2024-08-01T18:43:59,20,SN,25900,55,146,264400,@sokhna ndour @feemu fii ak feneen @NDEYE NDIAYE JUNIOR â™¥ï¸ğŸ­ğŸ¬ @DioumarÃ© Ndiaye â™¥ï¸ @badiene.international ,False,,ndeye_ndiaye.2,Ndeye NdiayeğŸ‡¸ğŸ‡³ğŸ¬,,,,,,False,,,
7385987878830001413,2024-06-29T14:05:15,12,SN,26900,86,145,368900,@sokhna ndour @feemu fii ak feneen @NDEYE NDIAYE JUNIOR â™¥ï¸ğŸ­ğŸ¬ @Cleub/Ndeye /ndiaye rekk @PauğŸ¯Ã‰bÃ¨ne ğŸ¤ğŸ¯ @DioumarÃ© Ndiaye â™¥ï¸ @badiene.international ,False,,ndeye_ndiaye.2,Ndeye NdiayeğŸ‡¸ğŸ‡³ğŸ¬,,,,,,False,,,
7381987499951934725,2024-06-18T19:21:46,14,SN,2065,12,14,59800,@feemu fii ak feneen @sokhna ndour @NDEYE NDIAYE JUNIOR â™¥ï¸ğŸ­ğŸ¬ @love.ndeye.ndiaye ,False,,ndeye_ndiaye.2,Ndeye NdiayeğŸ‡¸ğŸ‡³ğŸ¬,,,,,,False,,,
7371466856412220677,2024-05-21T10:56:17,11,SN,29500,64,201,296800,@feemu fii ak feneen @sokhna ndour @NDEYE NDIAYE JUNIOR â™¥ï¸ğŸ­ğŸ¬ @Ndeye/ndiaye/fans. @PauğŸ¯Ã‰bÃ¨ne ğŸ¤ğŸ¯ @Tamsir mbowâœ¨ ,False,,ndeye_ndiaye.2,Ndeye NdiayeğŸ‡¸ğŸ‡³ğŸ¬,,,,,,False,,,
7400014406278532357,2024-08-06T09:15:25,22,SN,55900,263,298,909600,RÃ©ponse Ã  @Lamine SARR @sokhna ndour @feemu fii ak feneen @NDEYE NDIAYE JUNIOR â™¥ï¸ğŸ­ğŸ¬ @DioumarÃ© Ndiaye â™¥ï¸ @badiene.international,False,,ndeye_ndiaye.2,Ndeye NdiayeğŸ‡¸ğŸ‡³ğŸ¬,,,,,,False,,,
7399622444107025669,2024-08-05T07:54:21,16,SN,20600,127,219,305100,@sokhna ndour @feemu fii ak feneen @NDEYE NDIAYE JUNIOR â™¥ï¸ğŸ­ğŸ¬ @DioumarÃ© Ndiaye â™¥ï¸ @badiene.international @love.ndeye.ndiaye @Bassine Thiam bÃ©tÃ© bÃ©tÃ©ğŸ“¹ğŸ‡¸ğŸ‡³ ,False,,ndeye_ndiaye.2,Ndeye NdiayeğŸ‡¸ğŸ‡³ğŸ¬,,,,,,False,,,
7398961061346462982,2024-08-03T13:07:50,9,SN,133000,283,922,1600000,@sokhna ndour @feemu fii ak feneen @NDEYE NDIAYE JUNIOR â™¥ï¸ğŸ­ğŸ¬ @DioumarÃ© Ndiaye â™¥ï¸ @badiene.international ,False,,ndeye_ndiaye.2,Ndeye NdiayeğŸ‡¸ğŸ‡³ğŸ¬,,,,,,False,,,
7398305517161975045,2024-08-01T18:43:59,20,SN,25900,55,146,264400,@sokhna ndour @feemu fii ak feneen @NDEYE NDIAYE JUNIOR â™¥ï¸ğŸ­ğŸ¬ @DioumarÃ© Ndiaye â™¥ï¸ @badiene.international ,False,,ndeye_ndiaye.2,Ndeye NdiayeğŸ‡¸ğŸ‡³ğŸ¬,,,,,,False,,,
7385987878830001413,2024-06-29T14:05:15,12,SN,26900,86,145,368900,@sokhna ndour @feemu fii ak feneen @NDEYE NDIAYE JUNIOR â™¥ï¸ğŸ­ğŸ¬ @Cleub/Ndeye /ndiaye rekk @PauğŸ¯Ã‰bÃ¨ne ğŸ¤ğŸ¯ @DioumarÃ© Ndiaye â™¥ï¸ @badiene.international ,False,,ndeye_ndiaye.2,Ndeye NdiayeğŸ‡¸ğŸ‡³ğŸ¬,,,,,,False,,,
7381987499951934725,2024-06-18T19:21:46,14,SN,2065,12,14,59800,@feemu fii ak feneen @sokhna ndour @NDEYE NDIAYE JUNIOR â™¥ï¸ğŸ­ğŸ¬ @love.ndeye.ndiaye ,False,,ndeye_ndiaye.2,Ndeye NdiayeğŸ‡¸ğŸ‡³ğŸ¬,,,,,,False,,,
7371466856412220677,2024-05-21T10:56:17,11,SN,29500,64,201,296800,@feemu fii ak feneen @sokhna ndour @NDEYE NDIAYE JUNIOR â™¥ï¸ğŸ­ğŸ¬ @Ndeye/ndiaye/fans. @PauğŸ¯Ã‰bÃ¨ne ğŸ¤ğŸ¯ @Tamsir mbowâœ¨ ,False,,ndeye_ndiaye.2,Ndeye NdiayeğŸ‡¸ğŸ‡³ğŸ¬,,,,,,False,,,
7400014406278532357,2024-08-06T09:15:25,22,SN,55900,263,298,909600,RÃ©ponse Ã  @Lamine SARR @sokhna ndour @feemu fii ak feneen @NDEYE NDIAYE JUNIOR â™¥ï¸ğŸ­ğŸ¬ @DioumarÃ© Ndiaye â™¥ï¸ @badiene.international,False,,ndeye_ndiaye.2,Ndeye NdiayeğŸ‡¸ğŸ‡³ğŸ¬,,,,,,False,,,
7399622444107025669,2024-08-05T07:54:21,16,SN,20600,127,219,305100,@sokhna ndour @feemu fii ak feneen @NDEYE NDIAYE JUNIOR â™¥ï¸ğŸ­ğŸ¬ @DioumarÃ© Ndiaye â™¥ï¸ @badiene.international @love.ndeye.ndiaye @Bassine Thiam bÃ©tÃ© bÃ©tÃ©ğŸ“¹ğŸ‡¸ğŸ‡³ ,False,,ndeye_ndiaye.2,Ndeye NdiayeğŸ‡¸ğŸ‡³ğŸ¬,,,,,,False,,,
7398961061346462982,2024-08-03T13:07:50,9,SN,133000,283,922,1600000,@sokhna ndour @feemu fii ak feneen @NDEYE NDIAYE JUNIOR â™¥ï¸ğŸ­ğŸ¬ @DioumarÃ© Ndiaye â™¥ï¸ @badiene.international ,False,,ndeye_ndiaye.2,Ndeye NdiayeğŸ‡¸ğŸ‡³ğŸ¬,,,,,,False,,,
7398305517161975045,2024-08-01T18:43:59,20,SN,25900,55,146,264400,@sokhna ndour @feemu fii ak feneen @NDEYE NDIAYE JUNIOR â™¥ï¸ğŸ­ğŸ¬ @DioumarÃ© Ndiaye â™¥ï¸ @badiene.international ,False,,ndeye_ndiaye.2,Ndeye NdiayeğŸ‡¸ğŸ‡³ğŸ¬,,,,,,False,,,
7385987878830001413,2024-06-29T14:05:15,12,SN,26900,86,145,368900,@sokhna ndour @feemu fii ak feneen @NDEYE NDIAYE JUNIOR â™¥ï¸ğŸ­ğŸ¬ @Cleub/Ndeye /ndiaye rekk @PauğŸ¯Ã‰bÃ¨ne ğŸ¤ğŸ¯ @DioumarÃ© Ndiaye â™¥ï¸ @badiene.international ,False,,ndeye_ndiaye.2,Ndeye NdiayeğŸ‡¸ğŸ‡³ğŸ¬,,,,,,False,,,
7381987499951934725,2024-06-18T19:21:46,14,SN,2065,12,14,59800,@feemu fii ak feneen @sokhna ndour @NDEYE NDIAYE JUNIOR â™¥ï¸ğŸ­ğŸ¬ @love.ndeye.ndiaye ,False,,ndeye_ndiaye.2,Ndeye NdiayeğŸ‡¸ğŸ‡³ğŸ¬,,,,,,False,,,
7371466856412220677,2024-05-21T10:56:17,11,SN,29500,64,201,296800,@feemu fii ak feneen @sokhna ndour @NDEYE NDIAYE JUNIOR â™¥ï¸ğŸ­ğŸ¬ @Ndeye/ndiaye/fans. @PauğŸ¯Ã‰bÃ¨ne ğŸ¤ğŸ¯ @Tamsir mbowâœ¨ ,False,,ndeye_ndiaye.2,Ndeye NdiayeğŸ‡¸ğŸ‡³ğŸ¬,,,,,,False,,,
7400014406278532357,2024-08-06T09:15:25,22,SN,55900,263,301,910000,RÃ©ponse Ã  @Lamine SARR @sokhna ndour @feemu fii ak feneen @NDEYE NDIAYE JUNIOR â™¥ï¸ğŸ­ğŸ¬ @DioumarÃ© Ndiaye â™¥ï¸ @badiene.international,False,,ndeye_ndiaye.2,Ndeye NdiayeğŸ‡¸ğŸ‡³ğŸ¬,,,,,,False,,,
7399622444107025669,2024-08-05T07:54:21,16,SN,20600,127,220,305400,@sokhna ndour @feemu fii ak feneen @NDEYE NDIAYE JUNIOR â™¥ï¸ğŸ­ğŸ¬ @DioumarÃ© Ndiaye â™¥ï¸ @badiene.international @love.ndeye.ndiaye @Bassine Thiam bÃ©tÃ© bÃ©tÃ©ğŸ“¹ğŸ‡¸ğŸ‡³ ,False,,ndeye_ndiaye.2,Ndeye NdiayeğŸ‡¸ğŸ‡³ğŸ¬,,,,,,False,,,
7398961061346462982,2024-08-03T13:07:50,9,SN,133000,284,924,1600000,@sokhna ndour @feemu fii ak feneen @NDEYE NDIAYE JUNIOR â™¥ï¸ğŸ­ğŸ¬ @DioumarÃ© Ndiaye â™¥ï¸ @badiene.international ,False,,ndeye_ndiaye.2,Ndeye NdiayeğŸ‡¸ğŸ‡³ğŸ¬,,,,,,False,,,
7398305517161975045,2024-08-01T18:43:59,20,SN,26000,55,146,264700,@sokhna ndour @feemu fii ak feneen @NDEYE NDIAYE JUNIOR â™¥ï¸ğŸ­ğŸ¬ @DioumarÃ© Ndiaye â™¥ï¸ @badiene.international ,False,,ndeye_ndiaye.2,Ndeye NdiayeğŸ‡¸ğŸ‡³ğŸ¬,,,,,,False,,,
7385987878830001413,2024-06-29T14:05:15,12,SN,27000,86,146,369800,@sokhna ndour @feemu fii ak feneen @NDEYE NDIAYE JUNIOR â™¥ï¸ğŸ­ğŸ¬ @Cleub/Ndeye /ndiaye rekk @PauğŸ¯Ã‰bÃ¨ne ğŸ¤ğŸ¯ @DioumarÃ© Ndiaye â™¥ï¸ @badiene.international ,False,,ndeye_ndiaye.2,Ndeye NdiayeğŸ‡¸ğŸ‡³ğŸ¬,,,,,,False,,,
7381987499951934725,2024-06-18T19:21:46,14,SN,2066,12,14,59900,@feemu fii ak feneen @sokhna ndour @NDEYE NDIAYE JUNIOR â™¥ï¸ğŸ­ğŸ¬ @love.ndeye.ndiaye ,False,,ndeye_ndiaye.2,Ndeye NdiayeğŸ‡¸ğŸ‡³ğŸ¬,,,,,,False,,,
7371466856412220677,2024-05-21T10:56:17,11,SN,29500,64,201,296900,@feemu fii ak feneen @sokhna ndour @NDEYE NDIAYE JUNIOR â™¥ï¸ğŸ­ğŸ¬ @Ndeye/ndiaye/fans. @PauğŸ¯Ã‰bÃ¨ne ğŸ¤ğŸ¯ @Tamsir mbowâœ¨ ,False,,ndeye_ndiaye.2,Ndeye NdiayeğŸ‡¸ğŸ‡³ğŸ¬,,,,,,False,,,
7400014406278532357,2024-08-06T09:15:25,22,SN,55900,263,301,910000,RÃ©ponse Ã  @Lamine SARR @sokhna ndour @feemu fii ak feneen @NDEYE NDIAYE JUNIOR â™¥ï¸ğŸ­ğŸ¬ @DioumarÃ© Ndiaye â™¥ï¸ @badiene.international,False,,ndeye_ndiaye.2,Ndeye NdiayeğŸ‡¸ğŸ‡³ğŸ¬,,,,,,False,,,
7399622444107025669,2024-08-05T07:54:21,16,SN,20600,127,220,305400,@sokhna ndour @feemu fii ak feneen @NDEYE NDIAYE JUNIOR â™¥ï¸ğŸ­ğŸ¬ @DioumarÃ© Ndiaye â™¥ï¸ @badiene.international @love.ndeye.ndiaye @Bassine Thiam bÃ©tÃ© bÃ©tÃ©ğŸ“¹ğŸ‡¸ğŸ‡³ ,False,,ndeye_ndiaye.2,Ndeye NdiayeğŸ‡¸ğŸ‡³ğŸ¬,,,,,,False,,,
7398961061346462982,2024-08-03T13:07:50,9,SN,133000,284,924,1600000,@sokhna ndour @feemu fii ak feneen @NDEYE NDIAYE JUNIOR â™¥ï¸ğŸ­ğŸ¬ @DioumarÃ© Ndiaye â™¥ï¸ @badiene.international ,False,,ndeye_ndiaye.2,Ndeye NdiayeğŸ‡¸ğŸ‡³ğŸ¬,,,,,,False,,,
7398305517161975045,2024-08-01T18:43:59,20,SN,26000,55,146,264700,@sokhna ndour @feemu fii ak feneen @NDEYE NDIAYE JUNIOR â™¥ï¸ğŸ­ğŸ¬ @DioumarÃ© Ndiaye â™¥ï¸ @badiene.international ,False,,ndeye_ndiaye.2,Ndeye NdiayeğŸ‡¸ğŸ‡³ğŸ¬,,,,,,False,,,
7385987878830001413,2024-06-29T14:05:15,12,SN,27000,86,146,369800,@sokhna ndour @feemu fii ak feneen @NDEYE NDIAYE JUNIOR â™¥ï¸ğŸ­ğŸ¬ @Cleub/Ndeye /ndiaye rekk @PauğŸ¯Ã‰bÃ¨ne ğŸ¤ğŸ¯ @DioumarÃ© Ndiaye â™¥ï¸ @badiene.international ,False,,ndeye_ndiaye.2,Ndeye NdiayeğŸ‡¸ğŸ‡³ğŸ¬,,,,,,False,,,
7381987499951934725,2024-06-18T19:21:46,14,SN,2066,12,14,59900,@feemu fii ak feneen @sokhna ndour @NDEYE NDIAYE JUNIOR â™¥ï¸ğŸ­ğŸ¬ @love.ndeye.ndiaye ,False,,ndeye_ndiaye.2,Ndeye NdiayeğŸ‡¸ğŸ‡³ğŸ¬,,,,,,False,,,
7371466856412220677,2024-05-21T10:56:17,11,SN,29500,64,201,296900,@feemu fii ak feneen @sokhna ndour @NDEYE NDIAYE JUNIOR â™¥ï¸ğŸ­ğŸ¬ @Ndeye/ndiaye/fans. @PauğŸ¯Ã‰bÃ¨ne ğŸ¤ğŸ¯ @Tamsir mbowâœ¨ ,False,,ndeye_ndiaye.2,Ndeye NdiayeğŸ‡¸ğŸ‡³ğŸ¬,,,,,,False,,,
7400014406278532357,2024-08-06T09:15:25,22,SN,55900,263,301,910000,RÃ©ponse Ã  @Lamine SARR @sokhna ndour @feemu fii ak feneen @NDEYE NDIAYE JUNIOR â™¥ï¸ğŸ­ğŸ¬ @DioumarÃ© Ndiaye â™¥ï¸ @badiene.international,False,,ndeye_ndiaye.2,Ndeye NdiayeğŸ‡¸ğŸ‡³ğŸ¬,,,,,,False,,,
7399622444107025669,2024-08-05T07:54:21,16,SN,20600,127,220,305400,@sokhna ndour @feemu fii ak feneen @NDEYE NDIAYE JUNIOR â™¥ï¸ğŸ­ğŸ¬ @DioumarÃ© Ndiaye â™¥ï¸ @badiene.international @love.ndeye.ndiaye @Bassine Thiam bÃ©tÃ© bÃ©tÃ©ğŸ“¹ğŸ‡¸ğŸ‡³ ,False,,ndeye_ndiaye.2,Ndeye NdiayeğŸ‡¸ğŸ‡³ğŸ¬,,,,,,False,,,
7398961061346462982,2024-08-03T13:07:50,9,SN,133000,284,924,1600000,@sokhna ndour @feemu fii ak feneen @NDEYE NDIAYE JUNIOR â™¥ï¸ğŸ­ğŸ¬ @DioumarÃ© Ndiaye â™¥ï¸ @badiene.international ,False,,ndeye_ndiaye.2,Ndeye NdiayeğŸ‡¸ğŸ‡³ğŸ¬,,,,,,False,,,
7398305517161975045,2024-08-01T18:43:59,20,SN,26000,55,146,264700,@sokhna ndour @feemu fii ak feneen @NDEYE NDIAYE JUNIOR â™¥ï¸ğŸ­ğŸ¬ @DioumarÃ© Ndiaye â™¥ï¸ @badiene.international ,False,,ndeye_ndiaye.2,Ndeye NdiayeğŸ‡¸ğŸ‡³ğŸ¬,,,,,,False,,,
7385987878830001413,2024-06-29T14:05:15,12,SN,27000,86,146,369800,@sokhna ndour @feemu fii ak feneen @NDEYE NDIAYE JUNIOR â™¥ï¸ğŸ­ğŸ¬ @Cleub/Ndeye /ndiaye rekk @PauğŸ¯Ã‰bÃ¨ne ğŸ¤ğŸ¯ @DioumarÃ© Ndiaye â™¥ï¸ @badiene.international ,False,,ndeye_ndiaye.2,Ndeye NdiayeğŸ‡¸ğŸ‡³ğŸ¬,,,,,,False,,,
7381987499951934725,2024-06-18T19:21:46,14,SN,2066,12,14,59900,@feemu fii ak feneen @sokhna ndour @NDEYE NDIAYE JUNIOR â™¥ï¸ğŸ­ğŸ¬ @love.ndeye.ndiaye ,False,,ndeye_ndiaye.2,Ndeye NdiayeğŸ‡¸ğŸ‡³ğŸ¬,,,,,,False,,,
7371466856412220677,2024-05-21T10:56:17,11,SN,29500,64,201,296900,@feemu fii ak feneen @sokhna ndour @NDEYE NDIAYE JUNIOR â™¥ï¸ğŸ­ğŸ¬ @Ndeye/ndiaye/fans. @PauğŸ¯Ã‰bÃ¨ne ğŸ¤ğŸ¯ @Tamsir mbowâœ¨ ,False,,ndeye_ndiaye.2,Ndeye NdiayeğŸ‡¸ğŸ‡³ğŸ¬,,,,,,False,,,
7400014406278532357,2024-08-06T09:15:25,22,SN,55900,263,301,910000,RÃ©ponse Ã  @Lamine SARR @sokhna ndour @feemu fii ak feneen @NDEYE NDIAYE JUNIOR â™¥ï¸ğŸ­ğŸ¬ @DioumarÃ© Ndiaye â™¥ï¸ @badiene.international,False,,ndeye_ndiaye.2,Ndeye NdiayeğŸ‡¸ğŸ‡³ğŸ¬,,,,,,False,,,
7399622444107025669,2024-08-05T07:54:21,16,SN,20600,127,220,305400,@sokhna ndour @feemu fii ak feneen @NDEYE NDIAYE JUNIOR â™¥ï¸ğŸ­ğŸ¬ @DioumarÃ© Ndiaye â™¥ï¸ @badiene.international @love.ndeye.ndiaye @Bassine Thiam bÃ©tÃ© bÃ©tÃ©ğŸ“¹ğŸ‡¸ğŸ‡³ ,False,,ndeye_ndiaye.2,Ndeye NdiayeğŸ‡¸ğŸ‡³ğŸ¬,,,,,,False,,,
7398961061346462982,2024-08-03T13:07:50,9,SN,133000,284,924,1600000,@sokhna ndour @feemu fii ak feneen @NDEYE NDIAYE JUNIOR â™¥ï¸ğŸ­ğŸ¬ @DioumarÃ© Ndiaye â™¥ï¸ @badiene.international ,False,,ndeye_ndiaye.2,Ndeye NdiayeğŸ‡¸ğŸ‡³ğŸ¬,,,,,,False,,,
7398305517161975045,2024-08-01T18:43:59,20,SN,26000,55,146,264700,@sokhna ndour @feemu fii ak feneen @NDEYE NDIAYE JUNIOR â™¥ï¸ğŸ­ğŸ¬ @DioumarÃ© Ndiaye â™¥ï¸ @badiene.international ,False,,ndeye_ndiaye.2,Ndeye NdiayeğŸ‡¸ğŸ‡³ğŸ¬,,,,,,False,,,
7385987878830001413,2024-06-29T14:05:15,12,SN,27000,86,146,369800,@sokhna ndour @feemu fii ak feneen @NDEYE NDIAYE JUNIOR â™¥ï¸ğŸ­ğŸ¬ @Cleub/Ndeye /ndiaye rekk @PauğŸ¯Ã‰bÃ¨ne ğŸ¤ğŸ¯ @DioumarÃ© Ndiaye â™¥ï¸ @badiene.international ,False,,ndeye_ndiaye.2,Ndeye NdiayeğŸ‡¸ğŸ‡³ğŸ¬,,,,,,False,,,
7381987499951934725,2024-06-18T19:21:46,14,SN,2066,12,14,59900,@feemu fii ak feneen @sokhna ndour @NDEYE NDIAYE JUNIOR â™¥ï¸ğŸ­ğŸ¬ @love.ndeye.ndiaye ,False,,ndeye_ndiaye.2,Ndeye NdiayeğŸ‡¸ğŸ‡³ğŸ¬,,,,,,False,,,
7371466856412220677,2024-05-21T10:56:17,11,SN,29500,64,201,296900,@feemu fii ak feneen @sokhna ndour @NDEYE NDIAYE JUNIOR â™¥ï¸ğŸ­ğŸ¬ @Ndeye/ndiaye/fans. @PauğŸ¯Ã‰bÃ¨ne ğŸ¤ğŸ¯ @Tamsir mbowâœ¨ ,False,,ndeye_ndiaye.2,Ndeye NdiayeğŸ‡¸ğŸ‡³ğŸ¬,,,,,,False,,,
7400014406278532357,2024-08-06T09:15:25,22,SN,55900,263,301,910000,RÃ©ponse Ã  @Lamine SARR @sokhna ndour @feemu fii ak feneen @NDEYE NDIAYE JUNIOR â™¥ï¸ğŸ­ğŸ¬ @DioumarÃ© Ndiaye â™¥ï¸ @badiene.international,False,,ndeye_ndiaye.2,Ndeye NdiayeğŸ‡¸ğŸ‡³ğŸ¬,,,,,,False,,,
7399622444107025669,2024-08-05T07:54:21,16,SN,20600,127,220,305400,@sokhna ndour @feemu fii ak feneen @NDEYE NDIAYE JUNIOR â™¥ï¸ğŸ­ğŸ¬ @DioumarÃ© Ndiaye â™¥ï¸ @badiene.international @love.ndeye.ndiaye @Bassine Thiam bÃ©tÃ© bÃ©tÃ©ğŸ“¹ğŸ‡¸ğŸ‡³ ,False,,ndeye_ndiaye.2,Ndeye NdiayeğŸ‡¸ğŸ‡³ğŸ¬,,,,,,False,,,
7398961061346462982,2024-08-03T13:07:50,9,SN,133000,284,924,1600000,@sokhna ndour @feemu fii ak feneen @NDEYE NDIAYE JUNIOR â™¥ï¸ğŸ­ğŸ¬ @DioumarÃ© Ndiaye â™¥ï¸ @badiene.international ,False,,ndeye_ndiaye.2,Ndeye NdiayeğŸ‡¸ğŸ‡³ğŸ¬,,,,,,False,,,
7398305517161975045,2024-08-01T18:43:59,20,SN,26000,55,146,264700,@sokhna ndour @feemu fii ak feneen @NDEYE NDIAYE JUNIOR â™¥ï¸ğŸ­ğŸ¬ @DioumarÃ© Ndiaye â™¥ï¸ @badiene.international ,False,,ndeye_ndiaye.2,Ndeye NdiayeğŸ‡¸ğŸ‡³ğŸ¬,,,,,,False,,,
7385987878830001413,2024-06-29T14:05:15,12,SN,27000,86,146,369900,@sokhna ndour @feemu fii ak feneen @NDEYE NDIAYE JUNIOR â™¥ï¸ğŸ­ğŸ¬ @Cleub/Ndeye /ndiaye rekk @PauğŸ¯Ã‰bÃ¨ne ğŸ¤ğŸ¯ @DioumarÃ© Ndiaye â™¥ï¸ @badiene.international ,False,,ndeye_ndiaye.2,Ndeye NdiayeğŸ‡¸ğŸ‡³ğŸ¬,,,,,,False,,,
7381987499951934725,2024-06-18T19:21:46,14,SN,2067,12,14,59900,@feemu fii ak feneen @sokhna ndour @NDEYE NDIAYE JUNIOR â™¥ï¸ğŸ­ğŸ¬ @love.ndeye.ndiaye ,False,,ndeye_ndiaye.2,Ndeye NdiayeğŸ‡¸ğŸ‡³ğŸ¬,,,,,,False,,,
7371466856412220677,2024-05-21T10:56:17,11,SN,29500,64,201,296900,@feemu fii ak feneen @sokhna ndour @NDEYE NDIAYE JUNIOR â™¥ï¸ğŸ­ğŸ¬ @Ndeye/ndiaye/fans. @PauğŸ¯Ã‰bÃ¨ne ğŸ¤ğŸ¯ @Tamsir mbowâœ¨ ,False,,ndeye_ndiaye.2,Ndeye NdiayeğŸ‡¸ğŸ‡³ğŸ¬,,,,,,False,,,
